archivo_original,archivo_nuevo,titulo,autores,anio,revista,estado
1 (2).pdf,A Study on the Man-Hour Prediction in Structural Steel Fabrication.pdf,A Study on the Man-Hour Prediction in Structural Steel Fabrication,Wei et al.,2024,Processes,renombrado
2.pdf,Manufacturing time estimation for offer pricing - A machine learning application in a French metallurgy industry.pdf,Manufacturing time estimation for offer pricing: A machine learning application in a French metallurgy industry,Hajj Chehade et al.,2024,Eng. Appl. of Artificial Intelligence,renombrado
3 (2).pdf,Hierarchical ensemble deep learning for data-driven lead time prediction.pdf,Hierarchical ensemble deep learning for data-driven lead time prediction,Aslan et al.,2023,Int. J. Adv. Manuf. Technol.,renombrado
5.pdf,Lead-Time Prediction in Wind Tower Manufacturing - A Machine Learning-Based Approach.pdf,Lead-Time Prediction in Wind Tower Manufacturing: A Machine Learning-Based Approach,Flores-Huamán et al.,2024,Mathematics,renombrado
6.pdf,Comparative analysis of machine learning algorithms for predicting standard time in a manufacturing environment.pdf,Comparative analysis of machine learning algorithms for predicting standard time in a manufacturing environment,Çakıt & Dağdeviren,2023,AI EDAM,renombrado
7.pdf,Production Improvement Rate with Time Series Data on Standard Time at Manufacturing Sites.pdf,Production Improvement Rate with Time Series Data on Standard Time at Manufacturing Sites,Ki et al.,2023,Applied Sciences,renombrado
8.pdf,Case study on delivery time determination using a machine learning approach in small batch production companies.pdf,Case study on delivery time determination using a machine learning approach in small batch production companies,Rokoss et al.,2024,J. Intelligent Manufacturing,renombrado
9.pdf,"Machine Learning in Small and Medium-Sized Enterprises, Methodology for the Estimation of the Production Time.pdf","Machine Learning in Small and Medium-Sized Enterprises, Methodology for the Estimation of the Production Time",Urban et al.,2024,Applied Sciences,renombrado
11.pdf,Machine learning-supported manufacturing - a review and directions for future research.pdf,Machine learning-supported manufacturing: a review and directions for future research,Ördek et al.,2024,Production & Manufacturing Research,renombrado
12.pdf,Sustainable optimisation approaches for production planning and control to evolve towards industry 5.0.pdf,Sustainable optimisation approaches for production planning and control to evolve towards industry 5.0,Guerrero et al.,2025,Int. J. Production Research,renombrado
13.pdf,Implementation and Improvement of the Total Productive Maintenance Concept in an Organization.pdf,Implementation and Improvement of the Total Productive Maintenance Concept in an Organization,Wolska et al.,2023,Encyclopedia,renombrado
14.pdf,Coping with the uncertainties of make-to-order production - a new approach for determining reliable delivery times with the throughput diagram.pdf,Coping with the uncertainties of make-to-order production: a new approach for determining reliable delivery times with the throughput diagram,Mundt & Lödding,2025,Production Planning & Control,renombrado
15.pdf,Sustainable Production Planning and Control in Manufacturing Contexts - A Bibliometric Review.pdf,Sustainable Production Planning and Control in Manufacturing Contexts: A Bibliometric Review,De Simone et al.,2023,Sustainability,renombrado
16.pdf,Sustainable Short-Term Production Planning Optimization.pdf,Sustainable Short-Term Production Planning Optimization,Zanella & Vaz,2023,SN Computer Science,renombrado
17.pdf,Integrated scheduling of production and material delivery for the intelligent manufacturing system.pdf,Integrated scheduling of production and material delivery for the intelligent manufacturing system,Liang et al.,2025,Int. J. Production Research,renombrado
18.pdf,A Supervised Machine Learning-Based Approach for Task Workload Prediction in Manufacturing - A Case Study Application.pdf,A Supervised Machine Learning-Based Approach for Task Workload Prediction in Manufacturing: A Case Study Application,De Simone et al.,2025,Machines,renombrado
19.pdf,Integrated Application of Overall Equipment Effectiveness and Free Generative-AI Tools to Improve Productivity in a CNC Machining Cell.pdf,Integrated Application of Overall Equipment Effectiveness and Free Generative-AI Tools to Improve Productivity in a CNC Machining Cell,Hollerweger et al.,2026,Machines,renombrado
20.pdf,Potentials of using real-time data to increase the update frequency of production planning and control strategies in MTO - a discrete event....pdf,Potentials of using real-time data to increase the update frequency of production planning and control strategies in MTO: a discrete event simulation study,Woschank et al.,2024,Flex. Serv. Manuf. J.,renombrado
21.pdf,Manufacturing Execution System Application within Manufacturing Small–Medium Enterprises towards Key Performance Indicators Development and Their....pdf,Manufacturing Execution System Application within Manufacturing Small–Medium Enterprises towards Key Performance Indicators Development and Their Implementation in the Production Line,Bianchini et al.,2024,Sustainability,renombrado
22.pdf,Capacity planning with limited information.pdf,Capacity planning with limited information,Anand et al.,2023,Production and Operations Management,renombrado
23.pdf,Manufacturing Management Processes Integration Framework.pdf,Manufacturing Management Processes Integration Framework,Pereira et al.,2025,Applied Sciences,renombrado
24.pdf,A machine learning based EMA-DCPM algorithm for production scheduling.pdf,A machine learning based EMA-DCPM algorithm for production scheduling,Wang et al.,2024,Scientific Reports,renombrado
25.pdf,Managing product-inherent constraints with artificial intelligence - production control for time constraints in semiconductor manufacturing.pdf,Managing product-inherent constraints with artificial intelligence: production control for time constraints in semiconductor manufacturing,May et al.,2024,J. Intelligent Manufacturing,renombrado
26.pdf,Comparative Analysis of Human and Artificial Intelligence Planning in Production Processes.pdf,Comparative Analysis of Human and Artificial Intelligence Planning in Production Processes,Roblek et al.,2024,Processes,renombrado
27.pdf,A self-learning framework combining association rules and mathematical models to solve production scheduling programs.pdf,A self-learning framework combining association rules and mathematical models to solve production scheduling programs,Del Gallo et al.,2024,Production & Manufacturing Research,renombrado
28.pdf,Applying Learning and Self-Adaptation to Dynamic Scheduling.pdf,Applying Learning and Self-Adaptation to Dynamic Scheduling,Werth et al.,2024,Applied Sciences,renombrado
29.pdf,Automated machine learning methodology for optimizing production processes in small and medium-sized enterprises.pdf,Automated machine learning methodology for optimizing production processes in small and medium-sized enterprises,Cruz et al.,2024,Operations Research Perspectives,renombrado
