mundo,cod,alpha,lead,lead_plan,tarde
M1 ratio casi correcto,2,plan,81,81,0
M1 ratio casi correcto,2,0.5,82,81,0
M1 ratio casi correcto,2,0.6,83,81,0
M1 ratio casi correcto,2,0.7,85,81,0
M1 ratio casi correcto,2,0.8,88,81,0
M1 ratio casi correcto,2,0.85,90,81,0
M1 ratio casi correcto,2,0.9,91,81,0
M1 ratio casi correcto,2,0.93,92,81,0
M1 ratio casi correcto,2,0.95,93,81,0
M1 ratio casi correcto,2,0.97,96,81,0
M1 ratio casi correcto,1,plan,83,83,0
M1 ratio casi correcto,1,0.5,105,83,0
M1 ratio casi correcto,1,0.6,108,83,0
M1 ratio casi correcto,1,0.7,110,83,0
M1 ratio casi correcto,1,0.8,112,83,0
M1 ratio casi correcto,1,0.85,115,83,0
M1 ratio casi correcto,1,0.9,117,83,0
M1 ratio casi correcto,1,0.93,118,83,0
M1 ratio casi correcto,1,0.95,119,83,0
M1 ratio casi correcto,1,0.97,122,83,0
M1 ratio casi correcto,3,plan,75,75,0
M1 ratio casi correcto,3,0.5,70,75,4
M1 ratio casi correcto,3,0.6,73,75,1
M1 ratio casi correcto,3,0.7,74,75,0
M1 ratio casi correcto,3,0.8,75,75,0
M1 ratio casi correcto,3,0.85,76,75,0
M1 ratio casi correcto,3,0.9,77,75,0
M1 ratio casi correcto,3,0.93,78,75,0
M1 ratio casi correcto,3,0.95,80,75,0
M1 ratio casi correcto,3,0.97,82,75,0
M1 ratio casi correcto,5,plan,72,72,0
M1 ratio casi correcto,5,0.5,74,72,0
M1 ratio casi correcto,5,0.6,76,72,0
M1 ratio casi correcto,5,0.7,78,72,0
M1 ratio casi correcto,5,0.8,79,72,0
M1 ratio casi correcto,5,0.85,80,72,0
M1 ratio casi correcto,5,0.9,81,72,0
M1 ratio casi correcto,5,0.93,82,72,0
M1 ratio casi correcto,5,0.95,82,72,0
M1 ratio casi correcto,5,0.97,83,72,0
M1 ratio casi correcto,6,plan,61,61,5
M1 ratio casi correcto,6,0.5,60,61,6
M1 ratio casi correcto,6,0.6,61,61,5
M1 ratio casi correcto,6,0.7,62,61,4
M1 ratio casi correcto,6,0.8,63,61,3
M1 ratio casi correcto,6,0.85,64,61,2
M1 ratio casi correcto,6,0.9,65,61,1
M1 ratio casi correcto,6,0.93,65,61,1
M1 ratio casi correcto,6,0.95,67,61,0
M1 ratio casi correcto,6,0.97,68,61,0
M1 ratio casi correcto,4,plan,64,64,0
M1 ratio casi correcto,4,0.5,62,64,2
M1 ratio casi correcto,4,0.6,63,64,1
M1 ratio casi correcto,4,0.7,64,64,0
M1 ratio casi correcto,4,0.8,65,64,0
M1 ratio casi correcto,4,0.85,66,64,0
M1 ratio casi correcto,4,0.9,66,64,0
M1 ratio casi correcto,4,0.93,67,64,0
M1 ratio casi correcto,4,0.95,69,64,0
M1 ratio casi correcto,4,0.97,69,64,0
M1 ratio casi correcto,7,plan,61,61,0
M1 ratio casi correcto,7,0.5,61,61,0
M1 ratio casi correcto,7,0.6,61,61,0
M1 ratio casi correcto,7,0.7,63,61,0
M1 ratio casi correcto,7,0.8,64,61,0
M1 ratio casi correcto,7,0.85,64,61,0
M1 ratio casi correcto,7,0.9,65,61,0
M1 ratio casi correcto,7,0.93,66,61,0
M1 ratio casi correcto,7,0.95,66,61,0
M1 ratio casi correcto,7,0.97,67,61,0
M1 ratio casi correcto,13,plan,66,66,0
M1 ratio casi correcto,13,0.5,68,66,0
M1 ratio casi correcto,13,0.6,68,66,0
M1 ratio casi correcto,13,0.7,69,66,0
M1 ratio casi correcto,13,0.8,70,66,0
M1 ratio casi correcto,13,0.85,71,66,0
M1 ratio casi correcto,13,0.9,71,66,0
M1 ratio casi correcto,13,0.93,72,66,0
M1 ratio casi correcto,13,0.95,74,66,0
M1 ratio casi correcto,13,0.97,75,66,0
M1 ratio casi correcto,8,plan,70,70,0
M1 ratio casi correcto,8,0.5,73,70,0
M1 ratio casi correcto,8,0.6,74,70,0
M1 ratio casi correcto,8,0.7,75,70,0
M1 ratio casi correcto,8,0.8,77,70,0
M1 ratio casi correcto,8,0.85,78,70,0
M1 ratio casi correcto,8,0.9,79,70,0
M1 ratio casi correcto,8,0.93,79,70,0
M1 ratio casi correcto,8,0.95,80,70,0
M1 ratio casi correcto,8,0.97,81,70,0
M1 ratio casi correcto,9,plan,62,62,0
M1 ratio casi correcto,9,0.5,62,62,0
M1 ratio casi correcto,9,0.6,63,62,0
M1 ratio casi correcto,9,0.7,64,62,0
M1 ratio casi correcto,9,0.8,65,62,0
M1 ratio casi correcto,9,0.85,66,62,0
M1 ratio casi correcto,9,0.9,66,62,0
M1 ratio casi correcto,9,0.93,68,62,0
M1 ratio casi correcto,9,0.95,68,62,0
M1 ratio casi correcto,9,0.97,69,62,0
M1 ratio casi correcto,11,plan,47,47,0
M1 ratio casi correcto,11,0.5,48,47,0
M1 ratio casi correcto,11,0.6,48,47,0
M1 ratio casi correcto,11,0.7,49,47,0
M1 ratio casi correcto,11,0.8,50,47,0
M1 ratio casi correcto,11,0.85,50,47,0
M1 ratio casi correcto,11,0.9,51,47,0
M1 ratio casi correcto,11,0.93,51,47,0
M1 ratio casi correcto,11,0.95,53,47,0
M1 ratio casi correcto,11,0.97,54,47,0
M1 ratio casi correcto,14,plan,62,62,0
M1 ratio casi correcto,14,0.5,62,62,0
M1 ratio casi correcto,14,0.6,63,62,0
M1 ratio casi correcto,14,0.7,64,62,0
M1 ratio casi correcto,14,0.8,65,62,0
M1 ratio casi correcto,14,0.85,65,62,0
M1 ratio casi correcto,14,0.9,67,62,0
M1 ratio casi correcto,14,0.93,67,62,0
M1 ratio casi correcto,14,0.95,68,62,0
M1 ratio casi correcto,14,0.97,69,62,0
M1 ratio casi correcto,10,plan,52,52,0
M1 ratio casi correcto,10,0.5,50,52,2
M1 ratio casi correcto,10,0.6,50,52,2
M1 ratio casi correcto,10,0.7,51,52,1
M1 ratio casi correcto,10,0.8,53,52,0
M1 ratio casi correcto,10,0.85,53,52,0
M1 ratio casi correcto,10,0.9,54,52,0
M1 ratio casi correcto,10,0.93,54,52,0
M1 ratio casi correcto,10,0.95,55,52,0
M1 ratio casi correcto,10,0.97,56,52,0
M1 ratio casi correcto,12,plan,66,66,4
M1 ratio casi correcto,12,0.5,66,66,4
M1 ratio casi correcto,12,0.6,67,66,3
M1 ratio casi correcto,12,0.7,68,66,2
M1 ratio casi correcto,12,0.8,69,66,1
M1 ratio casi correcto,12,0.85,69,66,1
M1 ratio casi correcto,12,0.9,70,66,0
M1 ratio casi correcto,12,0.93,70,66,0
M1 ratio casi correcto,12,0.95,72,66,0
M1 ratio casi correcto,12,0.97,73,66,0
M1 ratio casi correcto,15,plan,76,76,0
M1 ratio casi correcto,15,0.5,70,76,4
M1 ratio casi correcto,15,0.6,70,76,4
M1 ratio casi correcto,15,0.7,71,76,3
M1 ratio casi correcto,15,0.8,73,76,1
M1 ratio casi correcto,15,0.85,74,76,0
M1 ratio casi correcto,15,0.9,75,76,0
M1 ratio casi correcto,15,0.93,76,76,0
M1 ratio casi correcto,15,0.95,76,76,0
M1 ratio casi correcto,15,0.97,77,76,0
M1 ratio casi correcto,19,plan,57,57,8
M1 ratio casi correcto,19,0.5,58,57,7
M1 ratio casi correcto,19,0.6,58,57,7
M1 ratio casi correcto,19,0.7,59,57,6
M1 ratio casi correcto,19,0.8,61,57,4
M1 ratio casi correcto,19,0.85,62,57,3
M1 ratio casi correcto,19,0.9,62,57,3
M1 ratio casi correcto,19,0.93,63,57,2
M1 ratio casi correcto,19,0.95,64,57,1
M1 ratio casi correcto,19,0.97,64,57,1
M1 ratio casi correcto,17,plan,58,58,0
M1 ratio casi correcto,17,0.5,52,58,6
M1 ratio casi correcto,17,0.6,52,58,6
M1 ratio casi correcto,17,0.7,53,58,5
M1 ratio casi correcto,17,0.8,55,58,3
M1 ratio casi correcto,17,0.85,55,58,3
M1 ratio casi correcto,17,0.9,56,58,2
M1 ratio casi correcto,17,0.93,57,58,1
M1 ratio casi correcto,17,0.95,57,58,1
M1 ratio casi correcto,17,0.97,58,58,0
M1 ratio casi correcto,16,plan,57,57,0
M1 ratio casi correcto,16,0.5,60,57,0
M1 ratio casi correcto,16,0.6,61,57,0
M1 ratio casi correcto,16,0.7,62,57,0
M1 ratio casi correcto,16,0.8,62,57,0
M1 ratio casi correcto,16,0.85,63,57,0
M1 ratio casi correcto,16,0.9,65,57,0
M1 ratio casi correcto,16,0.93,66,57,0
M1 ratio casi correcto,16,0.95,67,57,0
M1 ratio casi correcto,16,0.97,68,57,0
M1 ratio casi correcto,18,plan,87,87,0
M1 ratio casi correcto,18,0.5,92,87,0
M1 ratio casi correcto,18,0.6,94,87,0
M1 ratio casi correcto,18,0.7,95,87,0
M1 ratio casi correcto,18,0.8,96,87,0
M1 ratio casi correcto,18,0.85,97,87,0
M1 ratio casi correcto,18,0.9,99,87,0
M1 ratio casi correcto,18,0.93,99,87,0
M1 ratio casi correcto,18,0.95,101,87,0
M1 ratio casi correcto,18,0.97,103,87,0
M1 ratio casi correcto,20,plan,67,67,0
M1 ratio casi correcto,20,0.5,66,67,1
M1 ratio casi correcto,20,0.6,68,67,0
M1 ratio casi correcto,20,0.7,69,67,0
M1 ratio casi correcto,20,0.8,70,67,0
M1 ratio casi correcto,20,0.85,70,67,0
M1 ratio casi correcto,20,0.9,71,67,0
M1 ratio casi correcto,20,0.93,72,67,0
M1 ratio casi correcto,20,0.95,72,67,0
M1 ratio casi correcto,20,0.97,73,67,0
M1 ratio casi correcto,22,plan,63,63,4
M1 ratio casi correcto,22,0.5,64,63,3
M1 ratio casi correcto,22,0.6,65,63,2
M1 ratio casi correcto,22,0.7,66,63,1
M1 ratio casi correcto,22,0.8,68,63,0
M1 ratio casi correcto,22,0.85,69,63,0
M1 ratio casi correcto,22,0.9,70,63,0
M1 ratio casi correcto,22,0.93,70,63,0
M1 ratio casi correcto,22,0.95,71,63,0
M1 ratio casi correcto,22,0.97,71,63,0
M1 ratio casi correcto,21,plan,83,83,4
M1 ratio casi correcto,21,0.5,83,83,4
M1 ratio casi correcto,21,0.6,83,83,4
M1 ratio casi correcto,21,0.7,84,83,3
M1 ratio casi correcto,21,0.8,87,83,0
M1 ratio casi correcto,21,0.85,87,83,0
M1 ratio casi correcto,21,0.9,88,83,0
M1 ratio casi correcto,21,0.93,89,83,0
M1 ratio casi correcto,21,0.95,90,83,0
M1 ratio casi correcto,21,0.97,91,83,0
M1 ratio casi correcto,24,plan,88,88,5
M1 ratio casi correcto,24,0.5,100,88,0
M1 ratio casi correcto,24,0.6,101,88,0
M1 ratio casi correcto,24,0.7,102,88,0
M1 ratio casi correcto,24,0.8,103,88,0
M1 ratio casi correcto,24,0.85,105,88,0
M1 ratio casi correcto,24,0.9,106,88,0
M1 ratio casi correcto,24,0.93,107,88,0
M1 ratio casi correcto,24,0.95,108,88,0
M1 ratio casi correcto,24,0.97,109,88,0
M1 ratio casi correcto,25,plan,55,55,0
M1 ratio casi correcto,25,0.5,57,55,0
M1 ratio casi correcto,25,0.6,58,55,0
M1 ratio casi correcto,25,0.7,58,55,0
M1 ratio casi correcto,25,0.8,59,55,0
M1 ratio casi correcto,25,0.85,60,55,0
M1 ratio casi correcto,25,0.9,60,55,0
M1 ratio casi correcto,25,0.93,62,55,0
M1 ratio casi correcto,25,0.95,62,55,0
M1 ratio casi correcto,25,0.97,63,55,0
M1 ratio casi correcto,23,plan,52,52,0
M1 ratio casi correcto,23,0.5,56,52,0
M1 ratio casi correcto,23,0.6,57,52,0
M1 ratio casi correcto,23,0.7,57,52,0
M1 ratio casi correcto,23,0.8,58,52,0
M1 ratio casi correcto,23,0.85,59,52,0
M1 ratio casi correcto,23,0.9,59,52,0
M1 ratio casi correcto,23,0.93,60,52,0
M1 ratio casi correcto,23,0.95,60,52,0
M1 ratio casi correcto,23,0.97,62,52,0
M2 sesgo sistemático,2,plan,81,81,0
M2 sesgo sistemático,2,0.5,83,81,0
M2 sesgo sistemático,2,0.6,84,81,0
M2 sesgo sistemático,2,0.7,86,81,0
M2 sesgo sistemático,2,0.8,89,81,0
M2 sesgo sistemático,2,0.85,90,81,0
M2 sesgo sistemático,2,0.9,91,81,0
M2 sesgo sistemático,2,0.93,93,81,0
M2 sesgo sistemático,2,0.95,95,81,0
M2 sesgo sistemático,2,0.97,97,81,0
M2 sesgo sistemático,1,plan,83,83,0
M2 sesgo sistemático,1,0.5,105,83,0
M2 sesgo sistemático,1,0.6,108,83,0
M2 sesgo sistemático,1,0.7,111,83,0
M2 sesgo sistemático,1,0.8,113,83,0
M2 sesgo sistemático,1,0.85,116,83,0
M2 sesgo sistemático,1,0.9,118,83,0
M2 sesgo sistemático,1,0.93,119,83,0
M2 sesgo sistemático,1,0.95,120,83,0
M2 sesgo sistemático,1,0.97,123,83,0
M2 sesgo sistemático,3,plan,75,75,0
M2 sesgo sistemático,3,0.5,70,75,4
M2 sesgo sistemático,3,0.6,73,75,1
M2 sesgo sistemático,3,0.7,74,75,0
M2 sesgo sistemático,3,0.8,76,75,0
M2 sesgo sistemático,3,0.85,77,75,0
M2 sesgo sistemático,3,0.9,78,75,0
M2 sesgo sistemático,3,0.93,80,75,0
M2 sesgo sistemático,3,0.95,81,75,0
M2 sesgo sistemático,3,0.97,82,75,0
M2 sesgo sistemático,5,plan,72,72,0
M2 sesgo sistemático,5,0.5,72,72,0
M2 sesgo sistemático,5,0.6,73,72,0
M2 sesgo sistemático,5,0.7,74,72,0
M2 sesgo sistemático,5,0.8,75,72,0
M2 sesgo sistemático,5,0.85,76,72,0
M2 sesgo sistemático,5,0.9,78,72,0
M2 sesgo sistemático,5,0.93,79,72,0
M2 sesgo sistemático,5,0.95,80,72,0
M2 sesgo sistemático,5,0.97,81,72,0
M2 sesgo sistemático,6,plan,61,61,5
M2 sesgo sistemático,6,0.5,56,61,10
M2 sesgo sistemático,6,0.6,57,61,9
M2 sesgo sistemático,6,0.7,58,61,8
M2 sesgo sistemático,6,0.8,60,61,6
M2 sesgo sistemático,6,0.85,61,61,5
M2 sesgo sistemático,6,0.9,62,61,4
M2 sesgo sistemático,6,0.93,63,61,3
M2 sesgo sistemático,6,0.95,63,61,3
M2 sesgo sistemático,6,0.97,64,61,2
M2 sesgo sistemático,4,plan,64,64,0
M2 sesgo sistemático,4,0.5,59,64,5
M2 sesgo sistemático,4,0.6,60,64,4
M2 sesgo sistemático,4,0.7,62,64,2
M2 sesgo sistemático,4,0.8,63,64,1
M2 sesgo sistemático,4,0.85,63,64,1
M2 sesgo sistemático,4,0.9,64,64,0
M2 sesgo sistemático,4,0.93,65,64,0
M2 sesgo sistemático,4,0.95,66,64,0
M2 sesgo sistemático,4,0.97,67,64,0
M2 sesgo sistemático,7,plan,61,61,0
M2 sesgo sistemático,7,0.5,59,61,2
M2 sesgo sistemático,7,0.6,60,61,1
M2 sesgo sistemático,7,0.7,61,61,0
M2 sesgo sistemático,7,0.8,63,61,0
M2 sesgo sistemático,7,0.85,63,61,0
M2 sesgo sistemático,7,0.9,64,61,0
M2 sesgo sistemático,7,0.93,65,61,0
M2 sesgo sistemático,7,0.95,65,61,0
M2 sesgo sistemático,7,0.97,66,61,0
M2 sesgo sistemático,13,plan,66,66,0
M2 sesgo sistemático,13,0.5,67,66,0
M2 sesgo sistemático,13,0.6,68,66,0
M2 sesgo sistemático,13,0.7,69,66,0
M2 sesgo sistemático,13,0.8,70,66,0
M2 sesgo sistemático,13,0.85,71,66,0
M2 sesgo sistemático,13,0.9,72,66,0
M2 sesgo sistemático,13,0.93,72,66,0
M2 sesgo sistemático,13,0.95,74,66,0
M2 sesgo sistemático,13,0.97,75,66,0
M2 sesgo sistemático,8,plan,70,70,0
M2 sesgo sistemático,8,0.5,74,70,0
M2 sesgo sistemático,8,0.6,75,70,0
M2 sesgo sistemático,8,0.7,77,70,0
M2 sesgo sistemático,8,0.8,78,70,0
M2 sesgo sistemático,8,0.85,79,70,0
M2 sesgo sistemático,8,0.9,80,70,0
M2 sesgo sistemático,8,0.93,81,70,0
M2 sesgo sistemático,8,0.95,82,70,0
M2 sesgo sistemático,8,0.97,84,70,0
M2 sesgo sistemático,9,plan,62,62,0
M2 sesgo sistemático,9,0.5,63,62,0
M2 sesgo sistemático,9,0.6,64,62,0
M2 sesgo sistemático,9,0.7,65,62,0
M2 sesgo sistemático,9,0.8,66,62,0
M2 sesgo sistemático,9,0.85,66,62,0
M2 sesgo sistemático,9,0.9,68,62,0
M2 sesgo sistemático,9,0.93,69,62,0
M2 sesgo sistemático,9,0.95,69,62,0
M2 sesgo sistemático,9,0.97,70,62,0
M2 sesgo sistemático,11,plan,47,47,0
M2 sesgo sistemático,11,0.5,46,47,1
M2 sesgo sistemático,11,0.6,47,47,0
M2 sesgo sistemático,11,0.7,47,47,0
M2 sesgo sistemático,11,0.8,48,47,0
M2 sesgo sistemático,11,0.85,49,47,0
M2 sesgo sistemático,11,0.9,49,47,0
M2 sesgo sistemático,11,0.93,50,47,0
M2 sesgo sistemático,11,0.95,50,47,0
M2 sesgo sistemático,11,0.97,51,47,0
M2 sesgo sistemático,14,plan,62,62,0
M2 sesgo sistemático,14,0.5,63,62,0
M2 sesgo sistemático,14,0.6,64,62,0
M2 sesgo sistemático,14,0.7,65,62,0
M2 sesgo sistemático,14,0.8,67,62,0
M2 sesgo sistemático,14,0.85,68,62,0
M2 sesgo sistemático,14,0.9,69,62,0
M2 sesgo sistemático,14,0.93,69,62,0
M2 sesgo sistemático,14,0.95,70,62,0
M2 sesgo sistemático,14,0.97,71,62,0
M2 sesgo sistemático,10,plan,52,52,0
M2 sesgo sistemático,10,0.5,50,52,2
M2 sesgo sistemático,10,0.6,50,52,2
M2 sesgo sistemático,10,0.7,51,52,1
M2 sesgo sistemático,10,0.8,53,52,0
M2 sesgo sistemático,10,0.85,54,52,0
M2 sesgo sistemático,10,0.9,54,52,0
M2 sesgo sistemático,10,0.93,55,52,0
M2 sesgo sistemático,10,0.95,55,52,0
M2 sesgo sistemático,10,0.97,56,52,0
M2 sesgo sistemático,12,plan,66,66,4
M2 sesgo sistemático,12,0.5,68,66,2
M2 sesgo sistemático,12,0.6,69,66,1
M2 sesgo sistemático,12,0.7,70,66,0
M2 sesgo sistemático,12,0.8,73,66,0
M2 sesgo sistemático,12,0.85,73,66,0
M2 sesgo sistemático,12,0.9,74,66,0
M2 sesgo sistemático,12,0.93,75,66,0
M2 sesgo sistemático,12,0.95,76,66,0
M2 sesgo sistemático,12,0.97,76,66,0
M2 sesgo sistemático,15,plan,76,76,0
M2 sesgo sistemático,15,0.5,69,76,5
M2 sesgo sistemático,15,0.6,70,76,4
M2 sesgo sistemático,15,0.7,71,76,3
M2 sesgo sistemático,15,0.8,73,76,1
M2 sesgo sistemático,15,0.85,74,76,0
M2 sesgo sistemático,15,0.9,75,76,0
M2 sesgo sistemático,15,0.93,76,76,0
M2 sesgo sistemático,15,0.95,77,76,0
M2 sesgo sistemático,15,0.97,78,76,0
M2 sesgo sistemático,19,plan,57,57,8
M2 sesgo sistemático,19,0.5,56,57,9
M2 sesgo sistemático,19,0.6,57,57,8
M2 sesgo sistemático,19,0.7,57,57,8
M2 sesgo sistemático,19,0.8,58,57,7
M2 sesgo sistemático,19,0.85,59,57,6
M2 sesgo sistemático,19,0.9,61,57,4
M2 sesgo sistemático,19,0.93,62,57,3
M2 sesgo sistemático,19,0.95,62,57,3
M2 sesgo sistemático,19,0.97,63,57,2
M2 sesgo sistemático,17,plan,58,58,0
M2 sesgo sistemático,17,0.5,52,58,6
M2 sesgo sistemático,17,0.6,53,58,5
M2 sesgo sistemático,17,0.7,53,58,5
M2 sesgo sistemático,17,0.8,55,58,3
M2 sesgo sistemático,17,0.85,56,58,2
M2 sesgo sistemático,17,0.9,56,58,2
M2 sesgo sistemático,17,0.93,57,58,1
M2 sesgo sistemático,17,0.95,58,58,0
M2 sesgo sistemático,17,0.97,59,58,0
M2 sesgo sistemático,16,plan,57,57,0
M2 sesgo sistemático,16,0.5,63,57,0
M2 sesgo sistemático,16,0.6,65,57,0
M2 sesgo sistemático,16,0.7,67,57,0
M2 sesgo sistemático,16,0.8,70,57,0
M2 sesgo sistemático,16,0.85,72,57,0
M2 sesgo sistemático,16,0.9,73,57,0
M2 sesgo sistemático,16,0.93,74,57,0
M2 sesgo sistemático,16,0.95,76,57,0
M2 sesgo sistemático,16,0.97,77,57,0
M2 sesgo sistemático,18,plan,87,87,0
M2 sesgo sistemático,18,0.5,90,87,0
M2 sesgo sistemático,18,0.6,92,87,0
M2 sesgo sistemático,18,0.7,94,87,0
M2 sesgo sistemático,18,0.8,97,87,0
M2 sesgo sistemático,18,0.85,98,87,0
M2 sesgo sistemático,18,0.9,101,87,0
M2 sesgo sistemático,18,0.93,102,87,0
M2 sesgo sistemático,18,0.95,103,87,0
M2 sesgo sistemático,18,0.97,105,87,0
M2 sesgo sistemático,20,plan,67,67,0
M2 sesgo sistemático,20,0.5,69,67,0
M2 sesgo sistemático,20,0.6,70,67,0
M2 sesgo sistemático,20,0.7,72,67,0
M2 sesgo sistemático,20,0.8,75,67,0
M2 sesgo sistemático,20,0.85,76,67,0
M2 sesgo sistemático,20,0.9,78,67,0
M2 sesgo sistemático,20,0.93,79,67,0
M2 sesgo sistemático,20,0.95,80,67,0
M2 sesgo sistemático,20,0.97,83,67,0
M2 sesgo sistemático,22,plan,63,63,4
M2 sesgo sistemático,22,0.5,59,63,8
M2 sesgo sistemático,22,0.6,61,63,6
M2 sesgo sistemático,22,0.7,62,63,5
M2 sesgo sistemático,22,0.8,63,63,4
M2 sesgo sistemático,22,0.85,64,63,3
M2 sesgo sistemático,22,0.9,65,63,2
M2 sesgo sistemático,22,0.93,66,63,1
M2 sesgo sistemático,22,0.95,66,63,1
M2 sesgo sistemático,22,0.97,68,63,0
M2 sesgo sistemático,21,plan,83,83,4
M2 sesgo sistemático,21,0.5,90,83,0
M2 sesgo sistemático,21,0.6,94,83,0
M2 sesgo sistemático,21,0.7,96,83,0
M2 sesgo sistemático,21,0.8,98,83,0
M2 sesgo sistemático,21,0.85,99,83,0
M2 sesgo sistemático,21,0.9,102,83,0
M2 sesgo sistemático,21,0.93,104,83,0
M2 sesgo sistemático,21,0.95,105,83,0
M2 sesgo sistemático,21,0.97,108,83,0
M2 sesgo sistemático,24,plan,88,88,5
M2 sesgo sistemático,24,0.5,92,88,1
M2 sesgo sistemático,24,0.6,93,88,0
M2 sesgo sistemático,24,0.7,94,88,0
M2 sesgo sistemático,24,0.8,95,88,0
M2 sesgo sistemático,24,0.85,96,88,0
M2 sesgo sistemático,24,0.9,99,88,0
M2 sesgo sistemático,24,0.93,100,88,0
M2 sesgo sistemático,24,0.95,100,88,0
M2 sesgo sistemático,24,0.97,103,88,0
M2 sesgo sistemático,25,plan,55,55,0
M2 sesgo sistemático,25,0.5,56,55,0
M2 sesgo sistemático,25,0.6,57,55,0
M2 sesgo sistemático,25,0.7,58,55,0
M2 sesgo sistemático,25,0.8,59,55,0
M2 sesgo sistemático,25,0.85,60,55,0
M2 sesgo sistemático,25,0.9,62,55,0
M2 sesgo sistemático,25,0.93,62,55,0
M2 sesgo sistemático,25,0.95,63,55,0
M2 sesgo sistemático,25,0.97,64,55,0
M2 sesgo sistemático,23,plan,52,52,0
M2 sesgo sistemático,23,0.5,56,52,0
M2 sesgo sistemático,23,0.6,56,52,0
M2 sesgo sistemático,23,0.7,57,52,0
M2 sesgo sistemático,23,0.8,59,52,0
M2 sesgo sistemático,23,0.85,59,52,0
M2 sesgo sistemático,23,0.9,60,52,0
M2 sesgo sistemático,23,0.93,62,52,0
M2 sesgo sistemático,23,0.95,63,52,0
M2 sesgo sistemático,23,0.97,64,52,0
M3 no lineal y colas pesadas,2,plan,81,81,0
M3 no lineal y colas pesadas,2,0.5,83,81,0
M3 no lineal y colas pesadas,2,0.6,84,81,0
M3 no lineal y colas pesadas,2,0.7,86,81,0
M3 no lineal y colas pesadas,2,0.8,89,81,0
M3 no lineal y colas pesadas,2,0.85,90,81,0
M3 no lineal y colas pesadas,2,0.9,92,81,0
M3 no lineal y colas pesadas,2,0.93,93,81,0
M3 no lineal y colas pesadas,2,0.95,95,81,0
M3 no lineal y colas pesadas,2,0.97,97,81,0
M3 no lineal y colas pesadas,1,plan,83,83,0
M3 no lineal y colas pesadas,1,0.5,105,83,0
M3 no lineal y colas pesadas,1,0.6,109,83,0
M3 no lineal y colas pesadas,1,0.7,111,83,0
M3 no lineal y colas pesadas,1,0.8,113,83,0
M3 no lineal y colas pesadas,1,0.85,116,83,0
M3 no lineal y colas pesadas,1,0.9,117,83,0
M3 no lineal y colas pesadas,1,0.93,119,83,0
M3 no lineal y colas pesadas,1,0.95,120,83,0
M3 no lineal y colas pesadas,1,0.97,123,83,0
M3 no lineal y colas pesadas,3,plan,75,75,0
M3 no lineal y colas pesadas,3,0.5,70,75,4
M3 no lineal y colas pesadas,3,0.6,71,75,3
M3 no lineal y colas pesadas,3,0.7,74,75,0
M3 no lineal y colas pesadas,3,0.8,76,75,0
M3 no lineal y colas pesadas,3,0.85,77,75,0
M3 no lineal y colas pesadas,3,0.9,78,75,0
M3 no lineal y colas pesadas,3,0.93,78,75,0
M3 no lineal y colas pesadas,3,0.95,80,75,0
M3 no lineal y colas pesadas,3,0.97,82,75,0
M3 no lineal y colas pesadas,5,plan,72,72,0
M3 no lineal y colas pesadas,5,0.5,72,72,0
M3 no lineal y colas pesadas,5,0.6,73,72,0
M3 no lineal y colas pesadas,5,0.7,75,72,0
M3 no lineal y colas pesadas,5,0.8,78,72,0
M3 no lineal y colas pesadas,5,0.85,79,72,0
M3 no lineal y colas pesadas,5,0.9,81,72,0
M3 no lineal y colas pesadas,5,0.93,81,72,0
M3 no lineal y colas pesadas,5,0.95,82,72,0
M3 no lineal y colas pesadas,5,0.97,83,72,0
M3 no lineal y colas pesadas,6,plan,61,61,5
M3 no lineal y colas pesadas,6,0.5,57,61,9
M3 no lineal y colas pesadas,6,0.6,58,61,8
M3 no lineal y colas pesadas,6,0.7,61,61,5
M3 no lineal y colas pesadas,6,0.8,62,61,4
M3 no lineal y colas pesadas,6,0.85,63,61,3
M3 no lineal y colas pesadas,6,0.9,65,61,1
M3 no lineal y colas pesadas,6,0.93,65,61,1
M3 no lineal y colas pesadas,6,0.95,67,61,0
M3 no lineal y colas pesadas,6,0.97,68,61,0
M3 no lineal y colas pesadas,4,plan,64,64,0
M3 no lineal y colas pesadas,4,0.5,60,64,4
M3 no lineal y colas pesadas,4,0.6,62,64,2
M3 no lineal y colas pesadas,4,0.7,63,64,1
M3 no lineal y colas pesadas,4,0.8,64,64,0
M3 no lineal y colas pesadas,4,0.85,65,64,0
M3 no lineal y colas pesadas,4,0.9,66,64,0
M3 no lineal y colas pesadas,4,0.93,67,64,0
M3 no lineal y colas pesadas,4,0.95,69,64,0
M3 no lineal y colas pesadas,4,0.97,70,64,0
M3 no lineal y colas pesadas,7,plan,61,61,0
M3 no lineal y colas pesadas,7,0.5,61,61,0
M3 no lineal y colas pesadas,7,0.6,63,61,0
M3 no lineal y colas pesadas,7,0.7,64,61,0
M3 no lineal y colas pesadas,7,0.8,65,61,0
M3 no lineal y colas pesadas,7,0.85,66,61,0
M3 no lineal y colas pesadas,7,0.9,67,61,0
M3 no lineal y colas pesadas,7,0.93,68,61,0
M3 no lineal y colas pesadas,7,0.95,70,61,0
M3 no lineal y colas pesadas,7,0.97,71,61,0
M3 no lineal y colas pesadas,13,plan,66,66,0
M3 no lineal y colas pesadas,13,0.5,69,66,0
M3 no lineal y colas pesadas,13,0.6,71,66,0
M3 no lineal y colas pesadas,13,0.7,72,66,0
M3 no lineal y colas pesadas,13,0.8,75,66,0
M3 no lineal y colas pesadas,13,0.85,76,66,0
M3 no lineal y colas pesadas,13,0.9,77,66,0
M3 no lineal y colas pesadas,13,0.93,78,66,0
M3 no lineal y colas pesadas,13,0.95,78,66,0
M3 no lineal y colas pesadas,13,0.97,79,66,0
M3 no lineal y colas pesadas,8,plan,70,70,0
M3 no lineal y colas pesadas,8,0.5,72,70,0
M3 no lineal y colas pesadas,8,0.6,74,70,0
M3 no lineal y colas pesadas,8,0.7,75,70,0
M3 no lineal y colas pesadas,8,0.8,78,70,0
M3 no lineal y colas pesadas,8,0.85,80,70,0
M3 no lineal y colas pesadas,8,0.9,81,70,0
M3 no lineal y colas pesadas,8,0.93,82,70,0
M3 no lineal y colas pesadas,8,0.95,84,70,0
M3 no lineal y colas pesadas,8,0.97,86,70,0
M3 no lineal y colas pesadas,9,plan,62,62,0
M3 no lineal y colas pesadas,9,0.5,61,62,0
M3 no lineal y colas pesadas,9,0.6,62,62,0
M3 no lineal y colas pesadas,9,0.7,64,62,0
M3 no lineal y colas pesadas,9,0.8,66,62,0
M3 no lineal y colas pesadas,9,0.85,68,62,0
M3 no lineal y colas pesadas,9,0.9,69,62,0
M3 no lineal y colas pesadas,9,0.93,70,62,0
M3 no lineal y colas pesadas,9,0.95,71,62,0
M3 no lineal y colas pesadas,9,0.97,73,62,0
M3 no lineal y colas pesadas,11,plan,47,47,0
M3 no lineal y colas pesadas,11,0.5,44,47,3
M3 no lineal y colas pesadas,11,0.6,46,47,1
M3 no lineal y colas pesadas,11,0.7,47,47,0
M3 no lineal y colas pesadas,11,0.8,48,47,0
M3 no lineal y colas pesadas,11,0.85,49,47,0
M3 no lineal y colas pesadas,11,0.9,49,47,0
M3 no lineal y colas pesadas,11,0.93,50,47,0
M3 no lineal y colas pesadas,11,0.95,50,47,0
M3 no lineal y colas pesadas,11,0.97,51,47,0
M3 no lineal y colas pesadas,14,plan,62,62,0
M3 no lineal y colas pesadas,14,0.5,67,62,0
M3 no lineal y colas pesadas,14,0.6,68,62,0
M3 no lineal y colas pesadas,14,0.7,69,62,0
M3 no lineal y colas pesadas,14,0.8,71,62,0
M3 no lineal y colas pesadas,14,0.85,72,62,0
M3 no lineal y colas pesadas,14,0.9,74,62,0
M3 no lineal y colas pesadas,14,0.93,75,62,0
M3 no lineal y colas pesadas,14,0.95,75,62,0
M3 no lineal y colas pesadas,14,0.97,76,62,0
M3 no lineal y colas pesadas,10,plan,52,52,0
M3 no lineal y colas pesadas,10,0.5,48,52,4
M3 no lineal y colas pesadas,10,0.6,49,52,3
M3 no lineal y colas pesadas,10,0.7,50,52,2
M3 no lineal y colas pesadas,10,0.8,51,52,1
M3 no lineal y colas pesadas,10,0.85,53,52,0
M3 no lineal y colas pesadas,10,0.9,54,52,0
M3 no lineal y colas pesadas,10,0.93,55,52,0
M3 no lineal y colas pesadas,10,0.95,55,52,0
M3 no lineal y colas pesadas,10,0.97,56,52,0
M3 no lineal y colas pesadas,12,plan,66,66,4
M3 no lineal y colas pesadas,12,0.5,66,66,4
M3 no lineal y colas pesadas,12,0.6,67,66,3
M3 no lineal y colas pesadas,12,0.7,68,66,2
M3 no lineal y colas pesadas,12,0.8,70,66,0
M3 no lineal y colas pesadas,12,0.85,72,66,0
M3 no lineal y colas pesadas,12,0.9,73,66,0
M3 no lineal y colas pesadas,12,0.93,74,66,0
M3 no lineal y colas pesadas,12,0.95,75,66,0
M3 no lineal y colas pesadas,12,0.97,76,66,0
M3 no lineal y colas pesadas,15,plan,76,76,0
M3 no lineal y colas pesadas,15,0.5,68,76,6
M3 no lineal y colas pesadas,15,0.6,69,76,5
M3 no lineal y colas pesadas,15,0.7,71,76,3
M3 no lineal y colas pesadas,15,0.8,74,76,0
M3 no lineal y colas pesadas,15,0.85,75,76,0
M3 no lineal y colas pesadas,15,0.9,76,76,0
M3 no lineal y colas pesadas,15,0.93,77,76,0
M3 no lineal y colas pesadas,15,0.95,78,76,0
M3 no lineal y colas pesadas,15,0.97,80,76,0
M3 no lineal y colas pesadas,19,plan,57,57,8
M3 no lineal y colas pesadas,19,0.5,57,57,8
M3 no lineal y colas pesadas,19,0.6,58,57,7
M3 no lineal y colas pesadas,19,0.7,59,57,6
M3 no lineal y colas pesadas,19,0.8,62,57,3
M3 no lineal y colas pesadas,19,0.85,63,57,2
M3 no lineal y colas pesadas,19,0.9,63,57,2
M3 no lineal y colas pesadas,19,0.93,64,57,1
M3 no lineal y colas pesadas,19,0.95,65,57,0
M3 no lineal y colas pesadas,19,0.97,66,57,0
M3 no lineal y colas pesadas,17,plan,58,58,0
M3 no lineal y colas pesadas,17,0.5,52,58,6
M3 no lineal y colas pesadas,17,0.6,53,58,5
M3 no lineal y colas pesadas,17,0.7,55,58,3
M3 no lineal y colas pesadas,17,0.8,56,58,2
M3 no lineal y colas pesadas,17,0.85,57,58,1
M3 no lineal y colas pesadas,17,0.9,58,58,0
M3 no lineal y colas pesadas,17,0.93,58,58,0
M3 no lineal y colas pesadas,17,0.95,59,58,0
M3 no lineal y colas pesadas,17,0.97,60,58,0
M3 no lineal y colas pesadas,16,plan,57,57,0
M3 no lineal y colas pesadas,16,0.5,61,57,0
M3 no lineal y colas pesadas,16,0.6,63,57,0
M3 no lineal y colas pesadas,16,0.7,65,57,0
M3 no lineal y colas pesadas,16,0.8,68,57,0
M3 no lineal y colas pesadas,16,0.85,69,57,0
M3 no lineal y colas pesadas,16,0.9,70,57,0
M3 no lineal y colas pesadas,16,0.93,72,57,0
M3 no lineal y colas pesadas,16,0.95,73,57,0
M3 no lineal y colas pesadas,16,0.97,74,57,0
M3 no lineal y colas pesadas,18,plan,87,87,0
M3 no lineal y colas pesadas,18,0.5,89,87,0
M3 no lineal y colas pesadas,18,0.6,91,87,0
M3 no lineal y colas pesadas,18,0.7,94,87,0
M3 no lineal y colas pesadas,18,0.8,98,87,0
M3 no lineal y colas pesadas,18,0.85,101,87,0
M3 no lineal y colas pesadas,18,0.9,103,87,0
M3 no lineal y colas pesadas,18,0.93,106,87,0
M3 no lineal y colas pesadas,18,0.95,108,87,0
M3 no lineal y colas pesadas,18,0.97,112,87,0
M3 no lineal y colas pesadas,20,plan,67,67,0
M3 no lineal y colas pesadas,20,0.5,69,67,0
M3 no lineal y colas pesadas,20,0.6,70,67,0
M3 no lineal y colas pesadas,20,0.7,72,67,0
M3 no lineal y colas pesadas,20,0.8,76,67,0
M3 no lineal y colas pesadas,20,0.85,77,67,0
M3 no lineal y colas pesadas,20,0.9,78,67,0
M3 no lineal y colas pesadas,20,0.93,79,67,0
M3 no lineal y colas pesadas,20,0.95,80,67,0
M3 no lineal y colas pesadas,20,0.97,83,67,0
M3 no lineal y colas pesadas,22,plan,63,63,4
M3 no lineal y colas pesadas,22,0.5,61,63,6
M3 no lineal y colas pesadas,22,0.6,63,63,4
M3 no lineal y colas pesadas,22,0.7,64,63,3
M3 no lineal y colas pesadas,22,0.8,65,63,2
M3 no lineal y colas pesadas,22,0.85,66,63,1
M3 no lineal y colas pesadas,22,0.9,68,63,0
M3 no lineal y colas pesadas,22,0.93,69,63,0
M3 no lineal y colas pesadas,22,0.95,70,63,0
M3 no lineal y colas pesadas,22,0.97,71,63,0
M3 no lineal y colas pesadas,21,plan,83,83,4
M3 no lineal y colas pesadas,21,0.5,84,83,3
M3 no lineal y colas pesadas,21,0.6,87,83,0
M3 no lineal y colas pesadas,21,0.7,88,83,0
M3 no lineal y colas pesadas,21,0.8,90,83,0
M3 no lineal y colas pesadas,21,0.85,91,83,0
M3 no lineal y colas pesadas,21,0.9,94,83,0
M3 no lineal y colas pesadas,21,0.93,96,83,0
M3 no lineal y colas pesadas,21,0.95,97,83,0
M3 no lineal y colas pesadas,21,0.97,98,83,0
M3 no lineal y colas pesadas,24,plan,88,88,5
M3 no lineal y colas pesadas,24,0.5,92,88,1
M3 no lineal y colas pesadas,24,0.6,94,88,0
M3 no lineal y colas pesadas,24,0.7,96,88,0
M3 no lineal y colas pesadas,24,0.8,98,88,0
M3 no lineal y colas pesadas,24,0.85,100,88,0
M3 no lineal y colas pesadas,24,0.9,101,88,0
M3 no lineal y colas pesadas,24,0.93,103,88,0
M3 no lineal y colas pesadas,24,0.95,105,88,0
M3 no lineal y colas pesadas,24,0.97,107,88,0
M3 no lineal y colas pesadas,25,plan,55,55,0
M3 no lineal y colas pesadas,25,0.5,56,55,0
M3 no lineal y colas pesadas,25,0.6,57,55,0
M3 no lineal y colas pesadas,25,0.7,58,55,0
M3 no lineal y colas pesadas,25,0.8,59,55,0
M3 no lineal y colas pesadas,25,0.85,59,55,0
M3 no lineal y colas pesadas,25,0.9,62,55,0
M3 no lineal y colas pesadas,25,0.93,62,55,0
M3 no lineal y colas pesadas,25,0.95,63,55,0
M3 no lineal y colas pesadas,25,0.97,64,55,0
M3 no lineal y colas pesadas,23,plan,52,52,0
M3 no lineal y colas pesadas,23,0.5,62,52,0
M3 no lineal y colas pesadas,23,0.6,63,52,0
M3 no lineal y colas pesadas,23,0.7,64,52,0
M3 no lineal y colas pesadas,23,0.8,65,52,0
M3 no lineal y colas pesadas,23,0.85,66,52,0
M3 no lineal y colas pesadas,23,0.9,67,52,0
M3 no lineal y colas pesadas,23,0.93,69,52,0
M3 no lineal y colas pesadas,23,0.95,70,52,0
M3 no lineal y colas pesadas,23,0.97,71,52,0
M4 deriva del taller,2,plan,81,81,0
M4 deriva del taller,2,0.5,82,81,0
M4 deriva del taller,2,0.6,84,81,0
M4 deriva del taller,2,0.7,85,81,0
M4 deriva del taller,2,0.8,88,81,0
M4 deriva del taller,2,0.85,90,81,0
M4 deriva del taller,2,0.9,91,81,0
M4 deriva del taller,2,0.93,92,81,0
M4 deriva del taller,2,0.95,93,81,0
M4 deriva del taller,2,0.97,96,81,0
M4 deriva del taller,1,plan,83,83,0
M4 deriva del taller,1,0.5,105,83,0
M4 deriva del taller,1,0.6,108,83,0
M4 deriva del taller,1,0.7,110,83,0
M4 deriva del taller,1,0.8,112,83,0
M4 deriva del taller,1,0.85,115,83,0
M4 deriva del taller,1,0.9,117,83,0
M4 deriva del taller,1,0.93,119,83,0
M4 deriva del taller,1,0.95,120,83,0
M4 deriva del taller,1,0.97,123,83,0
M4 deriva del taller,3,plan,75,75,0
M4 deriva del taller,3,0.5,70,75,4
M4 deriva del taller,3,0.6,73,75,1
M4 deriva del taller,3,0.7,74,75,0
M4 deriva del taller,3,0.8,75,75,0
M4 deriva del taller,3,0.85,77,75,0
M4 deriva del taller,3,0.9,78,75,0
M4 deriva del taller,3,0.93,80,75,0
M4 deriva del taller,3,0.95,81,75,0
M4 deriva del taller,3,0.97,82,75,0
M4 deriva del taller,5,plan,72,72,0
M4 deriva del taller,5,0.5,72,72,0
M4 deriva del taller,5,0.6,74,72,0
M4 deriva del taller,5,0.7,75,72,0
M4 deriva del taller,5,0.8,78,72,0
M4 deriva del taller,5,0.85,80,72,0
M4 deriva del taller,5,0.9,82,72,0
M4 deriva del taller,5,0.93,83,72,0
M4 deriva del taller,5,0.95,85,72,0
M4 deriva del taller,5,0.97,87,72,0
M4 deriva del taller,6,plan,61,61,5
M4 deriva del taller,6,0.5,57,61,9
M4 deriva del taller,6,0.6,58,61,8
M4 deriva del taller,6,0.7,60,61,6
M4 deriva del taller,6,0.8,62,61,4
M4 deriva del taller,6,0.85,63,61,3
M4 deriva del taller,6,0.9,64,61,2
M4 deriva del taller,6,0.93,67,61,0
M4 deriva del taller,6,0.95,67,61,0
M4 deriva del taller,6,0.97,68,61,0
M4 deriva del taller,4,plan,64,64,0
M4 deriva del taller,4,0.5,59,64,5
M4 deriva del taller,4,0.6,62,64,2
M4 deriva del taller,4,0.7,63,64,1
M4 deriva del taller,4,0.8,65,64,0
M4 deriva del taller,4,0.85,66,64,0
M4 deriva del taller,4,0.9,67,64,0
M4 deriva del taller,4,0.93,69,64,0
M4 deriva del taller,4,0.95,70,64,0
M4 deriva del taller,4,0.97,71,64,0
M4 deriva del taller,7,plan,61,61,0
M4 deriva del taller,7,0.5,60,61,1
M4 deriva del taller,7,0.6,61,61,0
M4 deriva del taller,7,0.7,63,61,0
M4 deriva del taller,7,0.8,64,61,0
M4 deriva del taller,7,0.85,65,61,0
M4 deriva del taller,7,0.9,67,61,0
M4 deriva del taller,7,0.93,67,61,0
M4 deriva del taller,7,0.95,68,61,0
M4 deriva del taller,7,0.97,70,61,0
M4 deriva del taller,13,plan,66,66,0
M4 deriva del taller,13,0.5,69,66,0
M4 deriva del taller,13,0.6,71,66,0
M4 deriva del taller,13,0.7,72,66,0
M4 deriva del taller,13,0.8,75,66,0
M4 deriva del taller,13,0.85,76,66,0
M4 deriva del taller,13,0.9,77,66,0
M4 deriva del taller,13,0.93,78,66,0
M4 deriva del taller,13,0.95,79,66,0
M4 deriva del taller,13,0.97,81,66,0
M4 deriva del taller,8,plan,70,70,0
M4 deriva del taller,8,0.5,67,70,1
M4 deriva del taller,8,0.6,68,70,0
M4 deriva del taller,8,0.7,71,70,0
M4 deriva del taller,8,0.8,73,70,0
M4 deriva del taller,8,0.85,74,70,0
M4 deriva del taller,8,0.9,75,70,0
M4 deriva del taller,8,0.93,77,70,0
M4 deriva del taller,8,0.95,77,70,0
M4 deriva del taller,8,0.97,79,70,0
M4 deriva del taller,9,plan,62,62,0
M4 deriva del taller,9,0.5,63,62,0
M4 deriva del taller,9,0.6,64,62,0
M4 deriva del taller,9,0.7,65,62,0
M4 deriva del taller,9,0.8,66,62,0
M4 deriva del taller,9,0.85,68,62,0
M4 deriva del taller,9,0.9,69,62,0
M4 deriva del taller,9,0.93,70,62,0
M4 deriva del taller,9,0.95,71,62,0
M4 deriva del taller,9,0.97,72,62,0
M4 deriva del taller,11,plan,47,47,0
M4 deriva del taller,11,0.5,46,47,1
M4 deriva del taller,11,0.6,47,47,0
M4 deriva del taller,11,0.7,48,47,0
M4 deriva del taller,11,0.8,48,47,0
M4 deriva del taller,11,0.85,49,47,0
M4 deriva del taller,11,0.9,50,47,0
M4 deriva del taller,11,0.93,50,47,0
M4 deriva del taller,11,0.95,50,47,0
M4 deriva del taller,11,0.97,51,47,0
M4 deriva del taller,14,plan,62,62,0
M4 deriva del taller,14,0.5,63,62,0
M4 deriva del taller,14,0.6,65,62,0
M4 deriva del taller,14,0.7,67,62,0
M4 deriva del taller,14,0.8,68,62,0
M4 deriva del taller,14,0.85,69,62,0
M4 deriva del taller,14,0.9,70,62,0
M4 deriva del taller,14,0.93,71,62,0
M4 deriva del taller,14,0.95,71,62,0
M4 deriva del taller,14,0.97,72,62,0
M4 deriva del taller,10,plan,52,52,0
M4 deriva del taller,10,0.5,49,52,3
M4 deriva del taller,10,0.6,50,52,2
M4 deriva del taller,10,0.7,51,52,1
M4 deriva del taller,10,0.8,53,52,0
M4 deriva del taller,10,0.85,53,52,0
M4 deriva del taller,10,0.9,54,52,0
M4 deriva del taller,10,0.93,55,52,0
M4 deriva del taller,10,0.95,55,52,0
M4 deriva del taller,10,0.97,56,52,0
M4 deriva del taller,12,plan,66,66,4
M4 deriva del taller,12,0.5,67,66,3
M4 deriva del taller,12,0.6,68,66,2
M4 deriva del taller,12,0.7,69,66,1
M4 deriva del taller,12,0.8,70,66,0
M4 deriva del taller,12,0.85,72,66,0
M4 deriva del taller,12,0.9,73,66,0
M4 deriva del taller,12,0.93,73,66,0
M4 deriva del taller,12,0.95,74,66,0
M4 deriva del taller,12,0.97,75,66,0
M4 deriva del taller,15,plan,76,76,0
M4 deriva del taller,15,0.5,69,76,5
M4 deriva del taller,15,0.6,70,76,4
M4 deriva del taller,15,0.7,71,76,3
M4 deriva del taller,15,0.8,73,76,1
M4 deriva del taller,15,0.85,74,76,0
M4 deriva del taller,15,0.9,75,76,0
M4 deriva del taller,15,0.93,76,76,0
M4 deriva del taller,15,0.95,76,76,0
M4 deriva del taller,15,0.97,77,76,0
M4 deriva del taller,19,plan,57,57,8
M4 deriva del taller,19,0.5,58,57,7
M4 deriva del taller,19,0.6,59,57,6
M4 deriva del taller,19,0.7,61,57,4
M4 deriva del taller,19,0.8,63,57,2
M4 deriva del taller,19,0.85,63,57,2
M4 deriva del taller,19,0.9,65,57,0
M4 deriva del taller,19,0.93,65,57,0
M4 deriva del taller,19,0.95,66,57,0
M4 deriva del taller,19,0.97,68,57,0
M4 deriva del taller,17,plan,58,58,0
M4 deriva del taller,17,0.5,53,58,5
M4 deriva del taller,17,0.6,55,58,3
M4 deriva del taller,17,0.7,56,58,2
M4 deriva del taller,17,0.8,57,58,1
M4 deriva del taller,17,0.85,58,58,0
M4 deriva del taller,17,0.9,59,58,0
M4 deriva del taller,17,0.93,60,58,0
M4 deriva del taller,17,0.95,62,58,0
M4 deriva del taller,17,0.97,63,58,0
M4 deriva del taller,16,plan,57,57,0
M4 deriva del taller,16,0.5,61,57,0
M4 deriva del taller,16,0.6,63,57,0
M4 deriva del taller,16,0.7,65,57,0
M4 deriva del taller,16,0.8,67,57,0
M4 deriva del taller,16,0.85,68,57,0
M4 deriva del taller,16,0.9,70,57,0
M4 deriva del taller,16,0.93,72,57,0
M4 deriva del taller,16,0.95,73,57,0
M4 deriva del taller,16,0.97,74,57,0
M4 deriva del taller,18,plan,87,87,0
M4 deriva del taller,18,0.5,84,87,1
M4 deriva del taller,18,0.6,85,87,0
M4 deriva del taller,18,0.7,88,87,0
M4 deriva del taller,18,0.8,91,87,0
M4 deriva del taller,18,0.85,92,87,0
M4 deriva del taller,18,0.9,95,87,0
M4 deriva del taller,18,0.93,97,87,0
M4 deriva del taller,18,0.95,99,87,0
M4 deriva del taller,18,0.97,102,87,0
M4 deriva del taller,20,plan,67,67,0
M4 deriva del taller,20,0.5,66,67,1
M4 deriva del taller,20,0.6,69,67,0
M4 deriva del taller,20,0.7,70,67,0
M4 deriva del taller,20,0.8,72,67,0
M4 deriva del taller,20,0.85,73,67,0
M4 deriva del taller,20,0.9,75,67,0
M4 deriva del taller,20,0.93,76,67,0
M4 deriva del taller,20,0.95,77,67,0
M4 deriva del taller,20,0.97,79,67,0
M4 deriva del taller,22,plan,63,63,4
M4 deriva del taller,22,0.5,64,63,3
M4 deriva del taller,22,0.6,66,63,1
M4 deriva del taller,22,0.7,68,63,0
M4 deriva del taller,22,0.8,69,63,0
M4 deriva del taller,22,0.85,70,63,0
M4 deriva del taller,22,0.9,71,63,0
M4 deriva del taller,22,0.93,72,63,0
M4 deriva del taller,22,0.95,73,63,0
M4 deriva del taller,22,0.97,75,63,0
M4 deriva del taller,21,plan,83,83,4
M4 deriva del taller,21,0.5,82,83,5
M4 deriva del taller,21,0.6,84,83,3
M4 deriva del taller,21,0.7,87,83,0
M4 deriva del taller,21,0.8,89,83,0
M4 deriva del taller,21,0.85,90,83,0
M4 deriva del taller,21,0.9,92,83,0
M4 deriva del taller,21,0.93,95,83,0
M4 deriva del taller,21,0.95,96,83,0
M4 deriva del taller,21,0.97,98,83,0
M4 deriva del taller,24,plan,88,88,5
M4 deriva del taller,24,0.5,92,88,1
M4 deriva del taller,24,0.6,94,88,0
M4 deriva del taller,24,0.7,95,88,0
M4 deriva del taller,24,0.8,98,88,0
M4 deriva del taller,24,0.85,99,88,0
M4 deriva del taller,24,0.9,101,88,0
M4 deriva del taller,24,0.93,102,88,0
M4 deriva del taller,24,0.95,103,88,0
M4 deriva del taller,24,0.97,105,88,0
M4 deriva del taller,25,plan,55,55,0
M4 deriva del taller,25,0.5,55,55,0
M4 deriva del taller,25,0.6,56,55,0
M4 deriva del taller,25,0.7,58,55,0
M4 deriva del taller,25,0.8,59,55,0
M4 deriva del taller,25,0.85,60,55,0
M4 deriva del taller,25,0.9,62,55,0
M4 deriva del taller,25,0.93,62,55,0
M4 deriva del taller,25,0.95,63,55,0
M4 deriva del taller,25,0.97,64,55,0
M4 deriva del taller,23,plan,52,52,0
M4 deriva del taller,23,0.5,60,52,0
M4 deriva del taller,23,0.6,62,52,0
M4 deriva del taller,23,0.7,63,52,0
M4 deriva del taller,23,0.8,65,52,0
M4 deriva del taller,23,0.85,66,52,0
M4 deriva del taller,23,0.9,67,52,0
M4 deriva del taller,23,0.93,69,52,0
M4 deriva del taller,23,0.95,70,52,0
M4 deriva del taller,23,0.97,71,52,0
