mundo,alpha,OTD,OTD_lo,OTD_hi,lead_vs_plan,retraso_prom
M1 ratio casi correcto,plan,76.0,56.00000000000001,92.0,0.0,1.2
M1 ratio casi correcto,0.5,56.00000000000001,36.0,76.0,1.770791479911599,1.72
M1 ratio casi correcto,0.6,60.0,40.0,76.0,3.150847971886926,1.4
M1 ratio casi correcto,0.7,68.0,52.0,84.0,4.763847255839758,1.0
M1 ratio casi correcto,0.8,80.0,64.0,96.0,6.870290915360381,0.48
M1 ratio casi correcto,0.85,84.0,68.0,96.0,8.075873338560136,0.36
M1 ratio casi correcto,0.9,88.0,72.0,100.0,9.441231531304418,0.24
M1 ratio casi correcto,0.93,88.0,76.0,100.0,10.603082401324954,0.16
M1 ratio casi correcto,0.95,92.0,80.0,100.0,12.064135447801263,0.08
M1 ratio casi correcto,0.97,96.0,88.0,100.0,13.783297162152916,0.04
M2 sesgo sistemático,plan,76.0,60.0,92.0,0.0,1.2
M2 sesgo sistemático,0.5,52.0,32.0,72.0,0.8929086297940032,2.2
M2 sesgo sistemático,0.6,60.0,40.0,76.0,2.810282332041113,1.64
M2 sesgo sistemático,0.7,72.0,56.00000000000001,88.0,4.619437642719931,1.28
M2 sesgo sistemático,0.8,76.0,60.0,92.0,7.355893697261809,0.88
M2 sesgo sistemático,0.85,80.0,64.0,96.0,8.736280461395879,0.68
M2 sesgo sistemático,0.9,84.0,68.0,96.0,10.699347620274303,0.48
M2 sesgo sistemático,0.93,84.0,68.0,96.0,12.273274875720945,0.32
M2 sesgo sistemático,0.95,88.0,76.0,100.0,13.460568733934217,0.28
M2 sesgo sistemático,0.97,92.0,80.0,100.0,15.562985302249883,0.16
M3 no lineal y colas pesadas,plan,76.0,56.00000000000001,92.0,0.0,1.2
M3 no lineal y colas pesadas,0.5,52.0,32.0,72.0,0.9733994982230658,2.32
M3 no lineal y colas pesadas,0.6,60.0,40.0,80.0,3.3143363043236516,1.64
M3 no lineal y colas pesadas,0.7,68.0,48.0,84.0,5.702625099883167,1.0
M3 no lineal y colas pesadas,0.8,80.0,64.0,96.0,8.779756463015513,0.48
M3 no lineal y colas pesadas,0.85,84.0,68.0,96.0,10.743956245026322,0.28
M3 no lineal y colas pesadas,0.9,92.0,80.0,100.0,12.718956577611745,0.12
M3 no lineal y colas pesadas,0.93,92.0,80.0,100.0,14.327638574815799,0.08
M3 no lineal y colas pesadas,0.95,100.0,100.0,100.0,16.029369750155762,0.0
M3 no lineal y colas pesadas,0.97,100.0,100.0,100.0,18.249495292263667,0.0
M4 deriva del taller,plan,76.0,60.0,92.0,0.0,1.2
M4 deriva del taller,0.5,36.0,20.0,56.00000000000001,0.33923859282578583,2.2
M4 deriva del taller,0.6,60.0,40.0,80.0,2.933902481193007,1.28
M4 deriva del taller,0.7,72.0,52.0,88.0,5.300899235570525,0.72
M4 deriva del taller,0.8,84.0,68.0,96.0,7.961821723660653,0.32
M4 deriva del taller,0.85,92.0,80.0,100.0,9.738447365308453,0.2
M4 deriva del taller,0.9,96.0,88.0,100.0,11.910095264847211,0.08
M4 deriva del taller,0.93,100.0,100.0,100.0,13.74162873159559,0.0
M4 deriva del taller,0.95,100.0,100.0,100.0,15.054177840792795,0.0
M4 deriva del taller,0.97,100.0,100.0,100.0,17.411122213431867,0.0
