mundo,politica,OTD,retraso_dias,penalidad,costo_palancas,total,total_ajustado,lead,intervenciones,lead_vs_A0_%
M1 ratio casi correcto,A0 como se hizo,76.0,1.2,1.2,0.0,1.2,1.2,66.6,0,0.0
M1 ratio casi correcto,A1 DSS fecha α=0.80,100.0,0.0,0.0,0.0,0.0,0.8,76.64,0,15.1
M1 ratio casi correcto,A2 DSS fecha α*,100.0,0.0,0.0,0.0,0.0,1.24,82.08,0,23.2
M1 ratio casi correcto,A3 fecha original + gestión al inicio,100.0,0.0,0.0,1.15,1.15,1.15,66.6,25,0.0
M1 ratio casi correcto,A4 fecha original + re-pronóstico 40 %,100.0,0.0,0.0,1.08,1.08,1.08,66.6,25,0.0
M1 ratio casi correcto,A5 sistema completo (α* + re-pronóstico 40 %),100.0,0.0,0.0,0.02,0.02,1.26,82.08,7,23.2
M2 sesgo sistemático,A0 como se hizo,76.0,1.2,1.2,0.0,1.2,1.2,66.6,0,0.0
M2 sesgo sistemático,A1 DSS fecha α=0.80,100.0,0.0,0.0,0.0,0.0,0.88,77.64,0,16.6
M2 sesgo sistemático,A2 DSS fecha α*,100.0,0.0,0.0,0.0,0.0,1.34,83.36,0,25.2
M2 sesgo sistemático,A3 fecha original + gestión al inicio,100.0,0.0,0.0,1.21,1.21,1.21,66.6,25,0.0
M2 sesgo sistemático,A4 fecha original + re-pronóstico 40 %,96.0,0.08,0.08,1.07,1.15,1.15,66.6,25,0.0
M2 sesgo sistemático,A5 sistema completo (α* + re-pronóstico 40 %),100.0,0.0,0.0,0.02,0.02,1.36,83.36,7,25.2
M3 no lineal y colas pesadas,A0 como se hizo,76.0,1.2,1.2,0.0,1.2,1.2,66.6,0,0.0
M3 no lineal y colas pesadas,A1 DSS fecha α=0.80,100.0,0.0,0.0,0.0,0.0,0.96,78.6,0,18.0
M3 no lineal y colas pesadas,A2 DSS fecha α*,100.0,0.0,0.0,0.0,0.0,1.39,83.92,0,26.0
M3 no lineal y colas pesadas,A3 fecha original + gestión al inicio,100.0,0.0,0.0,1.22,1.22,1.22,66.6,25,0.0
M3 no lineal y colas pesadas,A4 fecha original + re-pronóstico 40 %,96.0,0.04,0.04,1.1,1.14,1.14,66.6,25,0.0
M3 no lineal y colas pesadas,A5 sistema completo (α* + re-pronóstico 40 %),100.0,0.0,0.0,0.03,0.03,1.41,83.92,10,26.0
M4 deriva del taller,A0 como se hizo,76.0,1.2,1.2,0.0,1.2,1.2,66.6,0,0.0
M4 deriva del taller,A1 DSS fecha α=0.80,100.0,0.0,0.0,0.0,0.0,0.98,78.88,0,18.4
M4 deriva del taller,A2 DSS fecha α*,100.0,0.0,0.0,0.0,0.0,1.45,84.68,0,27.1
M4 deriva del taller,A3 fecha original + gestión al inicio,100.0,0.0,0.0,1.24,1.24,1.24,66.6,25,0.0
M4 deriva del taller,A4 fecha original + re-pronóstico 40 %,100.0,0.0,0.0,1.1,1.1,1.1,66.6,25,0.0
M4 deriva del taller,A5 sistema completo (α* + re-pronóstico 40 %),100.0,0.0,0.0,0.06,0.06,1.5,84.68,6,27.1
M5 disponibilidad baja,A0 como se hizo,76.0,1.2,1.2,0.0,1.2,1.2,66.6,0,0.0
M5 disponibilidad baja,A1 DSS fecha α=0.80,100.0,0.0,0.0,0.0,0.0,1.05,79.76,0,19.8
M5 disponibilidad baja,A2 DSS fecha α*,100.0,0.0,0.0,0.0,0.0,1.52,85.64,0,28.6
M5 disponibilidad baja,A3 fecha original + gestión al inicio,100.0,0.0,0.0,1.29,1.29,1.29,66.6,25,0.0
M5 disponibilidad baja,A4 fecha original + re-pronóstico 40 %,100.0,0.0,0.0,1.1,1.1,1.1,66.6,25,0.0
M5 disponibilidad baja,A5 sistema completo (α* + re-pronóstico 40 %),100.0,0.0,0.0,0.02,0.02,1.54,85.64,6,28.6
