semilla,politica,pid,fecha,p_cumplir,penalidad_esp,total_mejor,palancas,frac_plazo,mediana,p80,avance
2026,D0 monitoreo (alerta temprana),7,2021-03-04,1.0,,,,0.18181818181818182,2021-04-26,2021-04-28,0.1414125611416006
2026,D0 monitoreo (alerta temprana),6,2021-03-05,1.0,,,,0.17647058823529413,2021-04-24,2021-04-28,0.13532344075094985
2026,D0 monitoreo (alerta temprana),7,2021-03-18,1.0,,,,0.36363636363636365,2021-04-17,2021-04-20,0.45151560857701073
2026,D0 monitoreo (alerta temprana),6,2021-03-19,0.98,,,,0.35294117647058826,2021-05-04,2021-05-07,0.15458258257837276
2026,D0 monitoreo (alerta temprana),7,2021-04-03,1.0,,,,0.5454545454545454,2021-04-27,2021-04-28,0.6760906399098698
2026,D0 monitoreo (alerta temprana),6,2021-04-05,0.4275,,,,0.5294117647058824,2021-05-14,2021-05-18,0.405615677588815
2026,D0 monitoreo (alerta temprana),7,2021-04-17,1.0,,,,0.7272727272727273,2021-04-30,2021-05-01,0.8676846885401537
2026,D0 monitoreo (alerta temprana),6,2021-04-19,0.0,,,,0.7058823529411765,2021-05-28,2021-06-01,0.4236522139723114
2026,D0 monitoreo (alerta temprana),7,2021-05-03,1.0,,,,0.9090909090909091,2021-05-05,2021-05-05,0.9813999817295747
2026,D0 monitoreo (alerta temprana),6,2021-05-04,0.0,,,,0.8823529411764706,2021-05-21,2021-05-22,0.8648806375573904
2026,D0 monitoreo (alerta temprana),9,2021-09-17,0.9775,,,,0.1935483870967742,2021-11-06,2021-11-12,0.0757398608523436
2026,D0 monitoreo (alerta temprana),9,2021-10-01,0.9575,,,,0.3870967741935484,2021-11-12,2021-11-15,0.46038255945505835
2026,D0 monitoreo (alerta temprana),9,2021-10-16,1.0,,,,0.5806451612903226,2021-11-02,2021-11-03,0.8276332988416171
2026,D0 monitoreo (alerta temprana),9,2021-10-30,1.0,,,,0.7741935483870968,2021-11-01,2021-11-01,0.988686181901626
2026,D0 monitoreo (alerta temprana),11,2022-01-15,0.9175,,,,0.1935483870967742,2022-03-03,2022-03-10,0.2848721652720498
2026,D0 monitoreo (alerta temprana),12,2022-01-20,0.6825,,,,0.23076923076923078,2022-03-04,2022-03-11,0.07029425053410254
2026,D0 monitoreo (alerta temprana),11,2022-01-29,1.0,,,,0.3870967741935484,2022-02-17,2022-02-19,0.7348509256057806
2026,D0 monitoreo (alerta temprana),12,2022-02-03,0.3475,,,,0.46153846153846156,2022-03-10,2022-03-14,0.39281873402460804
2026,D0 monitoreo (alerta temprana),11,2022-02-12,1.0,,,,0.5806451612903226,2022-02-26,2022-03-01,0.8245638155727427
2026,D0 monitoreo (alerta temprana),10,2022-02-15,0.7375,,,,0.21818181818181817,2022-03-31,2022-04-08,0.12886387654026776
2026,D0 monitoreo (alerta temprana),12,2022-02-17,0.9925,,,,0.6923076923076923,2022-03-04,2022-03-05,0.8221114359900555
2026,D0 monitoreo (alerta temprana),11,2022-02-26,1.0,,,,0.7741935483870968,2022-03-03,2022-03-04,0.9672204890363095
2026,D0 monitoreo (alerta temprana),10,2022-03-01,0.3725,,,,0.43636363636363634,2022-04-08,2022-04-11,0.3879973863856935
2026,D0 monitoreo (alerta temprana),12,2022-03-03,0.9975,,,,0.9230769230769231,2022-03-07,2022-03-07,0.9609139875060971
2026,D0 monitoreo (alerta temprana),10,2022-03-15,1.0,,,,0.6545454545454545,2022-03-31,2022-04-02,0.7805889808171774
2026,D0 monitoreo (alerta temprana),10,2022-03-29,1.0,,,,0.8727272727272727,2022-04-01,2022-04-01,0.9628739762454767
2026,D0 monitoreo (alerta temprana),14,2022-04-04,0.7375,,,,0.23529411764705882,2022-05-16,2022-05-24,0.14121148998072455
2026,D0 monitoreo (alerta temprana),14,2022-04-20,0.5275,,,,0.47058823529411764,2022-05-21,2022-05-26,0.6416444234956381
2026,D0 monitoreo (alerta temprana),14,2022-05-04,1.0,,,,0.7058823529411765,2022-05-10,2022-05-11,0.9614164379011563
2026,D0 monitoreo (alerta temprana),21,2023-02-16,0.8725,,,,0.2222222222222222,2023-03-30,2023-04-06,0.2224900490013334
2026,D0 monitoreo (alerta temprana),15,2023-02-27,0.8025,,,,0.20689655172413793,2023-04-17,2023-04-24,0.08123974125353656
2026,D0 monitoreo (alerta temprana),21,2023-03-02,1.0,,,,0.4444444444444444,2023-03-18,2023-03-21,0.8003025300725095
2026,D0 monitoreo (alerta temprana),15,2023-03-13,0.955,,,,0.41379310344827586,2023-04-11,2023-04-18,0.3810476751785367
2026,D0 monitoreo (alerta temprana),21,2023-03-16,1.0,,,,0.6666666666666666,2023-03-21,2023-03-21,0.9657618550482215
2026,D0 monitoreo (alerta temprana),15,2023-03-27,1.0,,,,0.6206896551724138,2023-04-12,2023-04-14,0.7971741930672728
2026,D0 monitoreo (alerta temprana),21,2023-03-30,1.0,,,,0.8888888888888888,2023-03-31,2023-03-31,0.9933547427705735
2026,D0 monitoreo (alerta temprana),15,2023-04-12,1.0,,,,0.8275862068965517,2023-04-13,2023-04-13,0.9905110300638712
2026,D0 monitoreo (alerta temprana),16,2023-05-31,0.71,,,,0.23076923076923078,2023-07-14,2023-07-20,0.06459948320413438
2026,D0 monitoreo (alerta temprana),16,2023-06-14,0.52,,,,0.46153846153846156,2023-07-18,2023-07-21,0.4128098110153782
2026,D0 monitoreo (alerta temprana),18,2023-06-15,1.0,,,,0.3076923076923077,2023-07-04,2023-07-07,0.20054405823981922
2026,D0 monitoreo (alerta temprana),16,2023-06-28,1.0,,,,0.6923076923076923,2023-07-11,2023-07-12,0.9232533761449053
2026,D0 monitoreo (alerta temprana),18,2023-06-30,0.9925,,,,0.6153846153846154,2023-07-14,2023-07-15,0.6126377235630975
2026,D0 monitoreo (alerta temprana),22,2023-08-17,0.91,,,,0.23076923076923078,2023-09-22,2023-09-30,0.4314482577781803
2026,D0 monitoreo (alerta temprana),17,2023-08-24,0.725,,,,0.27906976744186046,2023-09-23,2023-10-06,0.2913570815145631
2026,D0 monitoreo (alerta temprana),20,2023-08-26,0.7625,,,,0.21818181818181817,2023-10-11,2023-10-18,0.0799167537119624
2026,D0 monitoreo (alerta temprana),22,2023-09-01,1.0,,,,0.46153846153846156,2023-09-16,2023-09-20,0.7556081133227521
2026,D0 monitoreo (alerta temprana),17,2023-09-08,0.9975,,,,0.5581395348837209,2023-09-22,2023-09-23,0.8743600498612324
2026,D0 monitoreo (alerta temprana),20,2023-09-11,0.47,,,,0.43636363636363634,2023-10-18,2023-10-23,0.27396002793305296
2026,D0 monitoreo (alerta temprana),22,2023-09-15,1.0,,,,0.6923076923076923,2023-09-19,2023-09-19,0.9674277233182512
2026,D0 monitoreo (alerta temprana),17,2023-09-22,1.0,,,,0.8372093023255814,2023-09-23,2023-09-23,0.9899220867792662
2026,D0 monitoreo (alerta temprana),20,2023-09-25,0.98,,,,0.6545454545454545,2023-10-12,2023-10-14,0.8102101879762249
2026,D0 monitoreo (alerta temprana),22,2023-09-29,0.9975,,,,0.9230769230769231,2023-09-30,2023-09-30,0.9912439472972909
2026,D0 monitoreo (alerta temprana),23,2023-10-06,0.6275,,,,0.1875,2023-12-04,2023-12-14,0.09538004874583592
2026,D0 monitoreo (alerta temprana),20,2023-10-09,1.0,,,,0.8727272727272727,2023-10-11,2023-10-11,0.9774059492501166
2026,D0 monitoreo (alerta temprana),23,2023-10-20,0.8475,,,,0.375,2023-11-27,2023-12-06,0.42647311301482144
2026,D0 monitoreo (alerta temprana),23,2023-11-04,1.0,,,,0.5625,2023-11-23,2023-11-25,0.7894013402402629
2026,D0 monitoreo (alerta temprana),23,2023-11-18,1.0,,,,0.75,2023-11-28,2023-11-29,0.9462178654034363
2026,D0 monitoreo (alerta temprana),23,2023-12-02,1.0,,,,0.9375,2023-12-05,2023-12-05,0.9804042077392873
2026,D0 monitoreo (alerta temprana),29,2024-01-24,0.5425,,,,0.24489795918367346,2024-03-07,2024-03-13,0.0694745268815858
2026,D0 monitoreo (alerta temprana),29,2024-02-07,0.665,,,,0.4897959183673469,2024-03-05,2024-03-12,0.6269983362479442
2026,D0 monitoreo (alerta temprana),29,2024-02-21,1.0,,,,0.7346938775510204,2024-02-27,2024-02-28,0.9500011000704656
2026,D0 monitoreo (alerta temprana),29,2024-03-06,0.585,,,,0.9795918367346939,2024-03-07,2024-03-08,0.982990933980749
2026,D0 monitoreo (alerta temprana),25,2024-04-23,0.89,,,,0.24489795918367346,2024-05-25,2024-06-03,0.427625571673178
2026,D0 monitoreo (alerta temprana),25,2024-05-08,1.0,,,,0.4897959183673469,2024-05-18,2024-05-20,0.8746069903090787
2026,D0 monitoreo (alerta temprana),25,2024-05-22,1.0,,,,0.7346938775510204,2024-05-23,2024-05-23,0.9933588362457281
2026,D0 monitoreo (alerta temprana),24,2024-06-22,0.8375,,,,0.2608695652173913,2024-07-26,2024-08-02,0.20849577321336385
2026,D0 monitoreo (alerta temprana),24,2024-07-08,1.0,,,,0.5217391304347826,2024-07-22,2024-07-23,0.8837013374044758
2026,D0 monitoreo (alerta temprana),24,2024-07-22,1.0,,,,0.782608695652174,2024-07-24,2024-07-24,0.9811813784730041
2026,D0 monitoreo (alerta temprana),27,2024-08-16,0.6725,,,,0.16666666666666666,2024-10-22,2024-11-01,0.11252087757000503
2026,D0 monitoreo (alerta temprana),27,2024-08-31,0.9625,,,,0.3333333333333333,2024-10-15,2024-10-22,0.44242015403889207
2026,D0 monitoreo (alerta temprana),27,2024-09-14,1.0,,,,0.5,2024-10-09,2024-10-12,0.7746979904532617
2026,D0 monitoreo (alerta temprana),27,2024-09-28,1.0,,,,0.6666666666666666,2024-10-07,2024-10-08,0.9600616480365785
2026,D0 monitoreo (alerta temprana),27,2024-10-14,1.0,,,,0.8333333333333334,2024-10-15,2024-10-16,0.9918029598502033
2026,D0 monitoreo (alerta temprana),30,2025-05-21,0.79,,,,0.21052631578947367,2025-07-03,2025-07-14,0.1991311062798697
2026,D0 monitoreo (alerta temprana),30,2025-06-04,0.915,,,,0.42105263157894735,2025-07-02,2025-07-10,0.6657824979057531
2026,D0 monitoreo (alerta temprana),30,2025-06-18,1.0,,,,0.631578947368421,2025-06-27,2025-06-30,0.9219753926975393
2026,D0 monitoreo (alerta temprana),30,2025-07-02,1.0,,,,0.8421052631578947,2025-07-04,2025-07-04,0.983604175580908
2026,D0 monitoreo (alerta temprana),33,2025-07-16,0.9075,,,,0.23529411764705882,2025-08-25,2025-08-29,0.16985654393588365
2026,D0 monitoreo (alerta temprana),33,2025-08-01,0.755,,,,0.47058823529411764,2025-08-29,2025-09-05,0.5746451251191846
2026,D0 monitoreo (alerta temprana),33,2025-08-15,1.0,,,,0.7058823529411765,2025-08-23,2025-08-25,0.9214126637872869
2026,D0 monitoreo (alerta temprana),33,2025-08-29,1.0,,,,0.9411764705882353,2025-09-01,2025-09-01,0.9718388048996326
2026,D0 monitoreo (alerta temprana),31,2025-10-03,0.545,,,,0.17647058823529413,2025-12-10,2025-12-19,0.03187326594730535
2026,D0 monitoreo (alerta temprana),31,2025-10-18,0.5375,,,,0.35294117647058826,2025-12-11,2025-12-17,0.2790808227786808
2026,D0 monitoreo (alerta temprana),31,2025-11-03,0.9875,,,,0.5294117647058824,2025-12-02,2025-12-06,0.5701082893436858
2026,D0 monitoreo (alerta temprana),31,2025-11-17,0.9975,,,,0.7058823529411765,2025-12-04,2025-12-06,0.836746456713425
2026,D0 monitoreo (alerta temprana),31,2025-12-01,1.0,,,,0.8823529411764706,2025-12-04,2025-12-05,0.9688436718434532
2026,D0 monitoreo (alerta temprana),37,2026-03-02,0.79,,,,0.1643835616438356,2026-05-04,2026-05-16,0.11672029912775266
2026,D0 monitoreo (alerta temprana),37,2026-03-16,0.95,,,,0.3287671232876712,2026-04-30,2026-05-08,0.3680871175238474
2026,D0 monitoreo (alerta temprana),37,2026-03-30,0.995,,,,0.4931506849315068,2026-04-29,2026-05-05,0.6827727183486344
2026,D0 monitoreo (alerta temprana),38,2026-04-09,0.8775,,,,0.2727272727272727,2026-05-08,2026-05-15,0.31052627965269686
2026,D0 monitoreo (alerta temprana),37,2026-04-15,1.0,,,,0.6575342465753424,2026-05-01,2026-05-04,0.8771160533082754
2026,D0 monitoreo (alerta temprana),38,2026-04-23,0.8025,,,,0.5454545454545454,2026-05-15,2026-05-18,0.4345070994794799
2026,D0 monitoreo (alerta temprana),37,2026-04-29,1.0,,,,0.821917808219178,2026-05-02,2026-05-02,0.9784174286105364
2026,D0 monitoreo (alerta temprana),38,2026-05-08,1.0,,,,0.8181818181818182,2026-05-09,2026-05-09,0.9870233997633971
2026,D0 monitoreo (alerta temprana),37,2026-05-14,0.785,,,,0.9863013698630136,2026-05-15,2026-05-16,0.9912968696976969
2026,D0 monitoreo (alerta temprana),36,2026-08-18,0.8125,,,,0.26666666666666666,2026-09-19,2026-09-25,0.20640044470512015
2026,D0 monitoreo (alerta temprana),36,2026-09-01,1.0,,,,0.5333333333333333,2026-09-09,2026-09-10,0.917853931798054
2026,D0 monitoreo (alerta temprana),36,2026-09-15,1.0,,,,0.8,2026-09-17,2026-09-17,0.9788558922160974
2026,D3 DSS gestión (fecha original),7,2021-03-04,1.0,0.0,0.0,,,,,
2026,D3 DSS gestión (fecha original),6,2021-03-05,1.0,0.0,0.0,,,,,
2026,D3 DSS gestión (fecha original),7,2021-03-18,1.0,0.0,0.0,,,,,
2026,D3 DSS gestión (fecha original),6,2021-03-19,0.9966666666666667,0.006666666666666667,0.006666666666666667,,,,,
2026,D3 DSS gestión (fecha original),7,2021-04-03,1.0,0.0,0.0,,,,,
2026,D3 DSS gestión (fecha original),6,2021-04-05,0.44,2.48,1.035093059667083,+2 persona(s) en Soldeo,,,,
2026,D3 DSS gestión (fecha original),7,2021-04-17,1.0,0.0,0.0,,,,,
2026,D3 DSS gestión (fecha original),6,2021-04-19,0.0,15.256666666666666,11.273691034371325,+2 persona(s) en Soldeo + Expeditar Granallado y pintura (externo),,,,
2026,D3 DSS gestión (fecha original),7,2021-05-03,1.0,0.0,0.0,,,,,
2026,D3 DSS gestión (fecha original),6,2021-05-04,0.0,8.203333333333333,7.3265361512446265,+2 persona(s) en Limpieza + Expeditar Granallado y pintura (externo),,,,
2026,D3 DSS gestión (fecha original),9,2021-09-17,0.96,0.08,0.08,,,,,
2026,D3 DSS gestión (fecha original),9,2021-10-01,0.9533333333333334,0.08666666666666667,0.08666666666666667,,,,,
2026,D3 DSS gestión (fecha original),9,2021-10-16,1.0,0.0,0.0,,,,,
2026,D3 DSS gestión (fecha original),9,2021-10-30,1.0,0.0,0.0,,,,,
2026,D3 DSS gestión (fecha original),11,2022-01-15,0.9266666666666666,0.49333333333333335,0.46979469246168704,+1 persona(s) en Soldeo,,,,
2026,D3 DSS gestión (fecha original),12,2022-01-20,0.7133333333333334,1.8633333333333333,1.4126190083855081,+2 persona(s) en Armado + +2 persona(s) en Soldeo,,,,
2026,D3 DSS gestión (fecha original),11,2022-01-29,1.0,0.0,0.0,,,,,
2026,D3 DSS gestión (fecha original),12,2022-02-03,0.33,3.0233333333333334,2.325539683780403,Expeditar Compra de material + +2 persona(s) en Soldeo,,,,
2026,D3 DSS gestión (fecha original),11,2022-02-12,1.0,0.0,0.0,,,,,
2026,D3 DSS gestión (fecha original),10,2022-02-15,0.7,1.8366666666666667,1.447150701924886,+2 persona(s) en Armado + +2 persona(s) en Soldeo,,,,
2026,D3 DSS gestión (fecha original),12,2022-02-17,0.9966666666666667,0.006666666666666667,0.006666666666666667,,,,,
2026,D3 DSS gestión (fecha original),11,2022-02-26,1.0,0.0,0.0,,,,,
2026,D3 DSS gestión (fecha original),10,2022-03-01,0.3433333333333333,3.19,2.318293691834147,Expeditar Compra de material + +2 persona(s) en Soldeo,,,,
2026,D3 DSS gestión (fecha original),12,2022-03-03,1.0,0.0,0.0,,,,,
2026,D3 DSS gestión (fecha original),10,2022-03-15,0.9966666666666667,0.0033333333333333335,0.0033333333333333335,,,,,
2026,D3 DSS gestión (fecha original),10,2022-03-29,1.0,0.0,0.0,,,,,
2026,D3 DSS gestión (fecha original),14,2022-04-04,0.8033333333333333,1.1366666666666667,0.8787991053000677,+1 persona(s) en Armado + +2 persona(s) en Soldeo,,,,
2026,D3 DSS gestión (fecha original),14,2022-04-20,0.51,2.3333333333333335,2.307109999989936,+1 persona(s) en Soldeo,,,,
2026,D3 DSS gestión (fecha original),14,2022-05-04,1.0,0.0,0.0,,,,,
2026,D3 DSS gestión (fecha original),21,2023-02-16,0.88,0.45,0.45,,,,,
2026,D3 DSS gestión (fecha original),15,2023-02-27,0.79,1.06,0.6922503739940526,+2 persona(s) en Soldeo,,,,
2026,D3 DSS gestión (fecha original),21,2023-03-02,1.0,0.0,0.0,,,,,
2026,D3 DSS gestión (fecha original),15,2023-03-13,0.9533333333333334,0.19,0.19,,,,,
2026,D3 DSS gestión (fecha original),21,2023-03-16,1.0,0.0,0.0,,,,,
2026,D3 DSS gestión (fecha original),15,2023-03-27,1.0,0.0,0.0,,,,,
2026,D3 DSS gestión (fecha original),21,2023-03-30,1.0,0.0,0.0,,,,,
2026,D3 DSS gestión (fecha original),15,2023-04-12,1.0,0.0,0.0,,,,,
2026,D3 DSS gestión (fecha original),16,2023-05-31,0.74,1.45,1.053244197124232,+2 persona(s) en Soldeo,,,,
2026,D3 DSS gestión (fecha original),16,2023-06-14,0.51,1.8833333333333333,1.8336085315139832,+1 persona(s) en Soldeo,,,,
2026,D3 DSS gestión (fecha original),18,2023-06-15,1.0,0.0,0.0,,,,,
2026,D3 DSS gestión (fecha original),16,2023-06-28,0.9966666666666667,0.0033333333333333335,0.0033333333333333335,,,,,
2026,D3 DSS gestión (fecha original),18,2023-06-30,0.98,0.023333333333333334,0.023333333333333334,,,,,
2026,D3 DSS gestión (fecha original),22,2023-08-17,0.9366666666666666,0.15333333333333332,0.15333333333333332,,,,,
2026,D3 DSS gestión (fecha original),17,2023-08-24,0.7766666666666666,1.5666666666666667,1.4833333333333334,Expeditar Compra de material,,,,
2026,D3 DSS gestión (fecha original),20,2023-08-26,0.77,0.9633333333333334,0.7581794713191148,+2 persona(s) en Soldeo,,,,
2026,D3 DSS gestión (fecha original),22,2023-09-01,1.0,0.0,0.0,,,,,
2026,D3 DSS gestión (fecha original),17,2023-09-08,1.0,0.0,0.0,,,,,
2026,D3 DSS gestión (fecha original),20,2023-09-11,0.5,2.3366666666666664,2.005921419334292,Expeditar Compra de material + +2 persona(s) en Soldeo,,,,
2026,D3 DSS gestión (fecha original),22,2023-09-15,1.0,0.0,0.0,,,,,
2026,D3 DSS gestión (fecha original),17,2023-09-22,1.0,0.0,0.0,,,,,
2026,D3 DSS gestión (fecha original),20,2023-09-25,0.9966666666666667,0.0033333333333333335,0.0033333333333333335,,,,,
2026,D3 DSS gestión (fecha original),22,2023-09-29,0.9933333333333333,0.03666666666666667,0.03666666666666667,,,,,
2026,D3 DSS gestión (fecha original),23,2023-10-06,0.6766666666666666,2.783333333333333,2.3966232122186346,+2 persona(s) en Soldeo,,,,
2026,D3 DSS gestión (fecha original),20,2023-10-09,1.0,0.0,0.0,,,,,
2026,D3 DSS gestión (fecha original),23,2023-10-20,0.8666666666666667,0.52,0.52,,,,,
2026,D3 DSS gestión (fecha original),23,2023-11-04,1.0,0.0,0.0,,,,,
2026,D3 DSS gestión (fecha original),23,2023-11-18,1.0,0.0,0.0,,,,,
2026,D3 DSS gestión (fecha original),23,2023-12-02,1.0,0.0,0.0,,,,,
2026,D3 DSS gestión (fecha original),29,2024-01-24,0.5533333333333333,3.026666666666667,2.080494325415561,+2 persona(s) en Armado + +2 persona(s) en Soldeo,,,,
2026,D3 DSS gestión (fecha original),29,2024-02-07,0.7233333333333334,1.6166666666666667,1.6166666666666667,,,,,
2026,D3 DSS gestión (fecha original),29,2024-02-21,1.0,0.0,0.0,,,,,
2026,D3 DSS gestión (fecha original),29,2024-03-06,0.64,0.42333333333333334,0.42333333333333334,,,,,
2026,D3 DSS gestión (fecha original),25,2024-04-23,0.91,0.30333333333333334,0.30333333333333334,,,,,
2026,D3 DSS gestión (fecha original),25,2024-05-08,1.0,0.0,0.0,,,,,
2026,D3 DSS gestión (fecha original),25,2024-05-22,1.0,0.0,0.0,,,,,
2026,D3 DSS gestión (fecha original),24,2024-06-22,0.8566666666666667,0.4266666666666667,0.4266666666666667,,,,,
2026,D3 DSS gestión (fecha original),24,2024-07-08,1.0,0.0,0.0,,,,,
2026,D3 DSS gestión (fecha original),24,2024-07-22,1.0,0.0,0.0,,,,,
2026,D3 DSS gestión (fecha original),27,2024-08-16,0.7466666666666667,1.8733333333333333,1.3233101770459812,+1 persona(s) en Armado + +2 persona(s) en Soldeo,,,,
2026,D3 DSS gestión (fecha original),27,2024-08-31,0.9433333333333334,0.18,0.18,,,,,
2026,D3 DSS gestión (fecha original),27,2024-09-14,1.0,0.0,0.0,,,,,
2026,D3 DSS gestión (fecha original),27,2024-09-28,1.0,0.0,0.0,,,,,
2026,D3 DSS gestión (fecha original),27,2024-10-14,1.0,0.0,0.0,,,,,
2026,D3 DSS gestión (fecha original),30,2025-05-21,0.76,1.0833333333333333,0.8402452813767266,+1 persona(s) en Armado + +2 persona(s) en Soldeo,,,,
2026,D3 DSS gestión (fecha original),30,2025-06-04,0.9,0.31666666666666665,0.31666666666666665,,,,,
2026,D3 DSS gestión (fecha original),30,2025-06-18,1.0,0.0,0.0,,,,,
2026,D3 DSS gestión (fecha original),30,2025-07-02,1.0,0.0,0.0,,,,,
2026,D3 DSS gestión (fecha original),33,2025-07-16,0.9066666666666666,0.21,0.21,,,,,
2026,D3 DSS gestión (fecha original),33,2025-08-01,0.7466666666666667,1.1966666666666668,1.1966666666666668,,,,,
2026,D3 DSS gestión (fecha original),33,2025-08-15,1.0,0.0,0.0,,,,,
2026,D3 DSS gestión (fecha original),33,2025-08-29,1.0,0.0,0.0,,,,,
2026,D3 DSS gestión (fecha original),31,2025-10-03,0.5433333333333333,3.63,1.8975888052644259,+2 persona(s) en Armado + +2 persona(s) en Soldeo,,,,
2026,D3 DSS gestión (fecha original),31,2025-10-18,0.5166666666666667,3.013333333333333,2.0753927419262888,+2 persona(s) en Soldeo,,,,
2026,D3 DSS gestión (fecha original),31,2025-11-03,0.99,0.03666666666666667,0.03666666666666667,,,,,
2026,D3 DSS gestión (fecha original),31,2025-11-17,0.9966666666666667,0.006666666666666667,0.006666666666666667,,,,,
2026,D3 DSS gestión (fecha original),31,2025-12-01,1.0,0.0,0.0,,,,,
2026,D3 DSS gestión (fecha original),37,2026-03-02,0.7866666666666666,2.28,1.3339477908403397,+2 persona(s) en Soldeo,,,,
2026,D3 DSS gestión (fecha original),37,2026-03-16,0.9366666666666666,0.38333333333333336,0.3007194362228227,+2 persona(s) en Soldeo,,,,
2026,D3 DSS gestión (fecha original),37,2026-03-30,0.9833333333333333,0.06666666666666667,0.06666666666666667,,,,,
2026,D3 DSS gestión (fecha original),38,2026-04-09,0.8533333333333334,0.6266666666666667,0.6266666666666667,,,,,
2026,D3 DSS gestión (fecha original),37,2026-04-15,1.0,0.0,0.0,,,,,
2026,D3 DSS gestión (fecha original),38,2026-04-23,0.7733333333333333,0.7333333333333333,0.49958238952556144,+2 persona(s) en Soldeo,,,,
2026,D3 DSS gestión (fecha original),37,2026-04-29,1.0,0.0,0.0,,,,,
2026,D3 DSS gestión (fecha original),38,2026-05-08,1.0,0.0,0.0,,,,,
2026,D3 DSS gestión (fecha original),37,2026-05-14,0.7833333333333333,0.26,0.13557888768840726,Segundo turno en Roscado de barra lisa,,,,
2026,D3 DSS gestión (fecha original),36,2026-08-18,0.85,1.03,1.03,,,,,
2026,D3 DSS gestión (fecha original),36,2026-09-01,1.0,0.0,0.0,,,,,
2026,D3 DSS gestión (fecha original),36,2026-09-15,1.0,0.0,0.0,,,,,
2026,D4 sistema completo (α* + gestión),7,2021-03-04,0.89,0.3433333333333333,0.3433333333333333,,,,,
2026,D4 sistema completo (α* + gestión),6,2021-03-05,0.9966666666666667,0.02,0.02,,,,,
2026,D4 sistema completo (α* + gestión),7,2021-03-18,1.0,0.0,0.0,,,,,
2026,D4 sistema completo (α* + gestión),6,2021-03-19,0.6266666666666667,1.18,0.7794820741875369,Segundo turno en Habilitado · sierra cinta + +2 persona(s) en Soldeo,,,,
2026,D4 sistema completo (α* + gestión),7,2021-04-03,0.8933333333333333,0.23333333333333334,0.19822785566206969,+1 persona(s) en Soldeo,,,,
2026,D4 sistema completo (α* + gestión),6,2021-04-05,0.0033333333333333335,9.606666666666667,5.60175972633375,+2 persona(s) en Soldeo + Expeditar Granallado y pintura (externo),,,,
2026,D4 sistema completo (α* + gestión),7,2021-04-17,0.3933333333333333,0.9233333333333333,0.7526282130284139,+2 persona(s) en Soldeo,,,,
2026,D4 sistema completo (α* + gestión),6,2021-04-19,0.0,23.256666666666668,19.273691034371325,+2 persona(s) en Soldeo + Expeditar Granallado y pintura (externo),,,,
2026,D4 sistema completo (α* + gestión),7,2021-05-03,0.0,5.953333333333333,5.953333333333333,,,,,
2026,D4 sistema completo (α* + gestión),6,2021-05-04,0.0,16.203333333333333,15.326536151244627,+2 persona(s) en Limpieza + Expeditar Granallado y pintura (externo),,,,
2026,D4 sistema completo (α* + gestión),9,2021-09-17,0.8533333333333334,0.5466666666666666,0.5466666666666666,,,,,
2026,D4 sistema completo (α* + gestión),9,2021-10-01,0.7933333333333333,0.6966666666666667,0.6966666666666667,,,,,
2026,D4 sistema completo (α* + gestión),9,2021-10-16,1.0,0.0,0.0,,,,,
2026,D4 sistema completo (α* + gestión),9,2021-10-30,1.0,0.0,0.0,,,,,
2026,D4 sistema completo (α* + gestión),11,2022-01-15,0.9933333333333333,0.016666666666666666,0.016666666666666666,,,,,
2026,D4 sistema completo (α* + gestión),12,2022-01-20,0.8866666666666667,0.78,0.6026190083855083,+2 persona(s) en Armado + +2 persona(s) en Soldeo,,,,
2026,D4 sistema completo (α* + gestión),11,2022-01-29,1.0,0.0,0.0,,,,,
2026,D4 sistema completo (α* + gestión),12,2022-02-03,0.8566666666666667,0.5333333333333333,0.5333333333333333,,,,,
2026,D4 sistema completo (α* + gestión),11,2022-02-12,1.0,0.0,0.0,,,,,
2026,D4 sistema completo (α* + gestión),10,2022-02-15,0.9466666666666667,0.29333333333333333,0.29333333333333333,,,,,
2026,D4 sistema completo (α* + gestión),12,2022-02-17,1.0,0.0,0.0,,,,,
2026,D4 sistema completo (α* + gestión),11,2022-02-26,1.0,0.0,0.0,,,,,
2026,D4 sistema completo (α* + gestión),10,2022-03-01,0.94,0.2966666666666667,0.23497797694489658,+1 persona(s) en Soldeo,,,,
2026,D4 sistema completo (α* + gestión),12,2022-03-03,1.0,0.0,0.0,,,,,
2026,D4 sistema completo (α* + gestión),10,2022-03-15,1.0,0.0,0.0,,,,,
2026,D4 sistema completo (α* + gestión),10,2022-03-29,1.0,0.0,0.0,,,,,
2026,D4 sistema completo (α* + gestión),14,2022-04-04,0.69,1.6933333333333334,1.294893769873069,+2 persona(s) en Armado + +2 persona(s) en Soldeo,,,,
2026,D4 sistema completo (α* + gestión),14,2022-04-20,0.4033333333333333,3.48,3.073776666656602,Expeditar Compra de material + +1 persona(s) en Soldeo,,,,
2026,D4 sistema completo (α* + gestión),14,2022-05-04,1.0,0.0,0.0,,,,,
2026,D4 sistema completo (α* + gestión),21,2023-02-16,0.9733333333333334,0.08,0.08,,,,,
2026,D4 sistema completo (α* + gestión),15,2023-02-27,0.8133333333333334,0.85,0.5622503739940526,+2 persona(s) en Soldeo,,,,
2026,D4 sistema completo (α* + gestión),21,2023-03-02,1.0,0.0,0.0,,,,,
2026,D4 sistema completo (α* + gestión),15,2023-03-13,0.9633333333333334,0.14333333333333334,0.14333333333333334,,,,,
2026,D4 sistema completo (α* + gestión),21,2023-03-16,1.0,0.0,0.0,,,,,
2026,D4 sistema completo (α* + gestión),15,2023-03-27,1.0,0.0,0.0,,,,,
2026,D4 sistema completo (α* + gestión),21,2023-03-30,1.0,0.0,0.0,,,,,
2026,D4 sistema completo (α* + gestión),15,2023-04-12,1.0,0.0,0.0,,,,,
2026,D4 sistema completo (α* + gestión),16,2023-05-31,0.74,1.45,1.053244197124232,+2 persona(s) en Soldeo,,,,
2026,D4 sistema completo (α* + gestión),16,2023-06-14,0.51,1.8833333333333333,1.8336085315139832,+1 persona(s) en Soldeo,,,,
2026,D4 sistema completo (α* + gestión),18,2023-06-15,1.0,0.0,0.0,,,,,
2026,D4 sistema completo (α* + gestión),16,2023-06-28,0.9966666666666667,0.0033333333333333335,0.0033333333333333335,,,,,
2026,D4 sistema completo (α* + gestión),18,2023-06-30,1.0,0.0,0.0,,,,,
2026,D4 sistema completo (α* + gestión),22,2023-08-17,1.0,0.0,0.0,,,,,
2026,D4 sistema completo (α* + gestión),17,2023-08-24,0.88,0.41,0.41,,,,,
2026,D4 sistema completo (α* + gestión),20,2023-08-26,0.8533333333333334,0.56,0.45787748406617496,+1 persona(s) en Soldeo,,,,
2026,D4 sistema completo (α* + gestión),22,2023-09-01,1.0,0.0,0.0,,,,,
2026,D4 sistema completo (α* + gestión),17,2023-09-08,1.0,0.0,0.0,,,,,
2026,D4 sistema completo (α* + gestión),20,2023-09-11,0.63,1.3966666666666667,1.3169933811116437,+1 persona(s) en Soldeo,,,,
2026,D4 sistema completo (α* + gestión),22,2023-09-15,1.0,0.0,0.0,,,,,
2026,D4 sistema completo (α* + gestión),17,2023-09-22,1.0,0.0,0.0,,,,,
2026,D4 sistema completo (α* + gestión),20,2023-09-25,0.9966666666666667,0.013333333333333334,0.013333333333333334,,,,,
2026,D4 sistema completo (α* + gestión),22,2023-09-29,0.9966666666666667,0.0033333333333333335,0.0033333333333333335,,,,,
2026,D4 sistema completo (α* + gestión),23,2023-10-06,0.7633333333333333,2.1933333333333334,1.8966232122186348,+2 persona(s) en Soldeo,,,,
2026,D4 sistema completo (α* + gestión),20,2023-10-09,1.0,0.0,0.0,,,,,
2026,D4 sistema completo (α* + gestión),23,2023-10-20,0.93,0.2866666666666667,0.2866666666666667,,,,,
2026,D4 sistema completo (α* + gestión),23,2023-11-04,1.0,0.0,0.0,,,,,
2026,D4 sistema completo (α* + gestión),23,2023-11-18,1.0,0.0,0.0,,,,,
2026,D4 sistema completo (α* + gestión),23,2023-12-02,1.0,0.0,0.0,,,,,
2026,D4 sistema completo (α* + gestión),29,2024-01-24,0.7,1.4833333333333334,0.9584510823902531,+1 persona(s) en Armado + +2 persona(s) en Soldeo,,,,
2026,D4 sistema completo (α* + gestión),29,2024-02-07,0.8033333333333333,0.65,0.65,,,,,
2026,D4 sistema completo (α* + gestión),29,2024-02-21,1.0,0.0,0.0,,,,,
2026,D4 sistema completo (α* + gestión),29,2024-03-06,1.0,0.0,0.0,,,,,
2026,D4 sistema completo (α* + gestión),25,2024-04-23,0.9333333333333333,0.21333333333333335,0.21333333333333335,,,,,
2026,D4 sistema completo (α* + gestión),25,2024-05-08,1.0,0.0,0.0,,,,,
2026,D4 sistema completo (α* + gestión),25,2024-05-22,1.0,0.0,0.0,,,,,
2026,D4 sistema completo (α* + gestión),24,2024-06-22,0.8666666666666667,0.37333333333333335,0.37333333333333335,,,,,
2026,D4 sistema completo (α* + gestión),24,2024-07-08,0.9133333333333333,0.20333333333333334,0.20333333333333334,,,,,
2026,D4 sistema completo (α* + gestión),24,2024-07-22,1.0,0.0,0.0,,,,,
2026,D4 sistema completo (α* + gestión),24,2024-08-06,0.0,2.776666666666667,2.776666666666667,,,,,
2026,D4 sistema completo (α* + gestión),27,2024-08-16,0.8066666666666666,1.4066666666666667,0.9926036631223739,+2 persona(s) en Soldeo,,,,
2026,D4 sistema completo (α* + gestión),27,2024-08-31,0.97,0.08,0.08,,,,,
2026,D4 sistema completo (α* + gestión),27,2024-09-14,1.0,0.0,0.0,,,,,
2026,D4 sistema completo (α* + gestión),27,2024-09-28,1.0,0.0,0.0,,,,,
2026,D4 sistema completo (α* + gestión),27,2024-10-14,1.0,0.0,0.0,,,,,
2026,D4 sistema completo (α* + gestión),30,2025-05-21,0.96,0.21666666666666667,0.21666666666666667,,,,,
2026,D4 sistema completo (α* + gestión),30,2025-06-04,0.9933333333333333,0.02,0.02,,,,,
2026,D4 sistema completo (α* + gestión),30,2025-06-18,1.0,0.0,0.0,,,,,
2026,D4 sistema completo (α* + gestión),30,2025-07-02,1.0,0.0,0.0,,,,,
2026,D4 sistema completo (α* + gestión),33,2025-07-16,0.86,0.35,0.35,,,,,
2026,D4 sistema completo (α* + gestión),33,2025-08-01,0.7166666666666667,1.48,1.48,,,,,
2026,D4 sistema completo (α* + gestión),33,2025-08-15,1.0,0.0,0.0,,,,,
2026,D4 sistema completo (α* + gestión),33,2025-08-29,0.9966666666666667,0.0033333333333333335,0.0033333333333333335,,,,,
2026,D4 sistema completo (α* + gestión),31,2025-10-03,0.5966666666666667,3.1733333333333333,1.6442554719310924,+2 persona(s) en Armado + +2 persona(s) en Soldeo,,,,
2026,D4 sistema completo (α* + gestión),31,2025-10-18,0.58,2.53,1.7220594085929555,+2 persona(s) en Soldeo,,,,
2026,D4 sistema completo (α* + gestión),31,2025-11-03,0.9933333333333333,0.02666666666666667,0.02666666666666667,,,,,
2026,D4 sistema completo (α* + gestión),31,2025-11-17,0.9966666666666667,0.0033333333333333335,0.0033333333333333335,,,,,
2026,D4 sistema completo (α* + gestión),31,2025-12-01,1.0,0.0,0.0,,,,,
2026,D4 sistema completo (α* + gestión),37,2026-03-02,0.92,0.7366666666666667,0.40061445750700636,+2 persona(s) en Soldeo,,,,
2026,D4 sistema completo (α* + gestión),37,2026-03-16,0.9966666666666667,0.013333333333333334,0.013333333333333334,,,,,
2026,D4 sistema completo (α* + gestión),37,2026-03-30,1.0,0.0,0.0,,,,,
2026,D4 sistema completo (α* + gestión),38,2026-04-09,0.8533333333333334,0.7366666666666667,0.7366666666666667,,,,,
2026,D4 sistema completo (α* + gestión),37,2026-04-15,1.0,0.0,0.0,,,,,
2026,D4 sistema completo (α* + gestión),38,2026-04-23,1.0,0.0,0.0,,,,,
2026,D4 sistema completo (α* + gestión),37,2026-04-29,1.0,0.0,0.0,,,,,
2026,D4 sistema completo (α* + gestión),38,2026-05-08,1.0,0.0,0.0,,,,,
2026,D4 sistema completo (α* + gestión),37,2026-05-14,1.0,0.0,0.0,,,,,
2026,D4 sistema completo (α* + gestión),36,2026-08-18,0.9066666666666666,0.38,0.38,,,,,
2026,D4 sistema completo (α* + gestión),36,2026-09-01,1.0,0.0,0.0,,,,,
2026,D4 sistema completo (α* + gestión),36,2026-09-15,1.0,0.0,0.0,,,,,
