semilla,politica,pid,cod,en_muestra,compromiso,fin,tarde,penalidad,costo,lead,intervenciones,p_inicio
2026,A0 como se hizo,1,,False,2019-12-25,2019-11-13,0,0.0,0.0,198,0,
2026,A0 como se hizo,3,,False,2020-06-07,2020-06-16,9,9.0,0.0,81,0,
2026,A0 como se hizo,2,,False,2020-07-19,2020-07-16,0,0.0,0.0,91,0,
2026,A0 como se hizo,4,,False,2020-08-12,2020-08-31,19,19.0,0.0,72,0,
2026,A0 como se hizo,5,,False,2020-08-27,2020-08-22,0,0.0,0.0,54,0,
2026,A0 como se hizo,8,,False,2021-04-18,2021-04-29,11,11.0,0.0,69,0,
2026,A0 como se hizo,7,2.0,True,2021-05-10,2021-04-30,0,0.0,0.0,81,0,
2026,A0 como se hizo,6,1.0,True,2021-05-13,2021-05-15,2,2.0,0.0,83,0,
2026,A0 como se hizo,9,3.0,True,2021-11-17,2021-11-16,0,0.0,0.0,75,0,
2026,A0 como se hizo,11,5.0,True,2022-03-15,2022-03-11,0,0.0,0.0,72,0,
2026,A0 como se hizo,12,6.0,True,2022-03-08,2022-03-12,4,4.0,0.0,61,0,
2026,A0 como se hizo,10,4.0,True,2022-04-06,2022-04-01,0,0.0,0.0,64,0,
2026,A0 como se hizo,14,7.0,True,2022-05-21,2022-05-12,0,0.0,0.0,61,0,
2026,A0 como se hizo,13,,False,2022-08-27,2022-09-02,6,6.0,0.0,53,0,
2026,A0 como se hizo,21,13.0,True,2023-04-09,2023-04-04,0,0.0,0.0,66,0,
2026,A0 como se hizo,15,8.0,True,2023-04-24,2023-04-19,0,0.0,0.0,70,0,
2026,A0 como se hizo,16,9.0,True,2023-07-18,2023-07-07,0,0.0,0.0,62,0,
2026,A0 como se hizo,19,,False,2023-08-15,2023-08-11,0,0.0,0.0,84,0,
2026,A0 como se hizo,18,11.0,True,2023-07-18,2023-07-13,0,0.0,0.0,47,0,
2026,A0 como se hizo,22,14.0,True,2023-10-04,2023-09-30,0,0.0,0.0,62,0,
2026,A0 como se hizo,17,10.0,True,2023-10-01,2023-09-29,0,0.0,0.0,52,0,
2026,A0 como se hizo,20,12.0,True,2023-10-17,2023-10-16,0,0.0,0.0,66,0,
2026,A0 como se hizo,23,15.0,True,2023-12-07,2023-12-06,0,0.0,0.0,76,0,
2026,A0 como se hizo,29,19.0,True,2024-03-07,2024-03-15,8,8.0,0.0,57,0,
2026,A0 como se hizo,25,17.0,True,2024-06-06,2024-06-01,0,0.0,0.0,58,0,
2026,A0 como se hizo,26,,False,2024-08-04,2024-08-01,0,0.0,0.0,63,0,
2026,A0 como se hizo,28,,False,2024-08-16,2024-08-22,6,6.0,0.0,70,0,
2026,A0 como se hizo,24,16.0,True,2024-08-04,2024-07-26,0,0.0,0.0,57,0,
2026,A0 como se hizo,27,18.0,True,2024-10-28,2024-10-22,0,0.0,0.0,87,0,
2026,A0 como se hizo,34,,False,2025-04-27,2025-04-22,0,0.0,0.0,86,0,
2026,A0 como se hizo,32,,False,2025-05-24,2025-06-03,10,10.0,0.0,47,0,
2026,A0 como se hizo,30,20.0,True,2025-07-13,2025-07-11,0,0.0,0.0,67,0,
2026,A0 como se hizo,35,,False,2025-07-31,2025-08-01,1,1.0,0.0,68,0,
2026,A0 como se hizo,33,22.0,True,2025-09-03,2025-09-05,2,2.0,0.0,63,0,
2026,A0 como se hizo,31,21.0,True,2025-12-11,2025-12-15,4,4.0,0.0,83,0,
2026,A0 como se hizo,37,24.0,True,2026-05-15,2026-05-20,5,5.0,0.0,88,0,
2026,A0 como se hizo,38,25.0,True,2026-05-18,2026-05-16,0,0.0,0.0,55,0,
2026,A0 como se hizo,36,23.0,True,2026-09-25,2026-09-22,0,0.0,0.0,52,0,
2026,B1 regla del jefe de taller,1,,False,2019-12-25,2019-11-13,0,0.0,0.0,198,0,
2026,B1 regla del jefe de taller,3,,False,2020-06-07,2020-06-16,9,9.0,0.0,81,0,
2026,B1 regla del jefe de taller,2,,False,2020-07-19,2020-07-16,0,0.0,0.0,91,0,
2026,B1 regla del jefe de taller,4,,False,2020-08-12,2020-08-31,19,19.0,0.0,72,0,
2026,B1 regla del jefe de taller,5,,False,2020-08-27,2020-08-22,0,0.0,0.0,54,0,
2026,B1 regla del jefe de taller,8,,False,2021-04-18,2021-04-29,11,11.0,0.0,69,0,
2026,B1 regla del jefe de taller,7,2.0,True,2021-05-10,2021-04-30,0,0.0,0.0,81,0,
2026,B1 regla del jefe de taller,6,1.0,True,2021-05-13,2021-05-17,4,4.0,150.2507752548531,83,6,
2026,B1 regla del jefe de taller,9,3.0,True,2021-11-17,2021-11-16,0,0.0,0.0,75,0,
2026,B1 regla del jefe de taller,11,5.0,True,2022-03-15,2022-03-05,0,0.0,0.0,72,0,
2026,B1 regla del jefe de taller,12,6.0,True,2022-03-08,2022-03-10,2,2.0,11.333016325883657,61,2,
2026,B1 regla del jefe de taller,10,4.0,True,2022-04-06,2022-04-05,0,0.0,0.0,64,0,
2026,B1 regla del jefe de taller,14,7.0,True,2022-05-21,2022-05-12,0,0.0,0.0,61,0,
2026,B1 regla del jefe de taller,13,,False,2022-08-27,2022-09-02,6,6.0,0.0,53,0,
2026,B1 regla del jefe de taller,21,13.0,True,2023-04-09,2023-04-04,0,0.0,0.0,66,0,
2026,B1 regla del jefe de taller,15,8.0,True,2023-04-24,2023-04-20,0,0.0,15.372775733913961,70,2,
2026,B1 regla del jefe de taller,16,9.0,True,2023-07-18,2023-07-07,0,0.0,20.528280218202696,62,2,
2026,B1 regla del jefe de taller,19,,False,2023-08-15,2023-08-10,0,0.0,0.0,84,0,
2026,B1 regla del jefe de taller,18,11.0,True,2023-07-18,2023-07-12,0,0.0,19.258202567760343,47,2,
2026,B1 regla del jefe de taller,22,14.0,True,2023-10-04,2023-09-30,0,0.0,0.0,62,0,
2026,B1 regla del jefe de taller,17,10.0,True,2023-10-01,2023-09-29,0,0.0,0.0,52,0,
2026,B1 regla del jefe de taller,20,12.0,True,2023-10-17,2023-10-16,0,0.0,12.557616113675408,66,2,
2026,B1 regla del jefe de taller,23,15.0,True,2023-12-07,2023-12-06,0,0.0,0.0,76,0,
2026,B1 regla del jefe de taller,29,19.0,True,2024-03-07,2024-03-21,14,14.0,11.59058487874465,57,2,
2026,B1 regla del jefe de taller,25,17.0,True,2024-06-06,2024-06-01,0,0.0,0.0,58,0,
2026,B1 regla del jefe de taller,26,,False,2024-08-04,2024-08-01,0,0.0,0.0,63,0,
2026,B1 regla del jefe de taller,28,,False,2024-08-16,2024-08-22,6,6.0,0.0,70,0,
2026,B1 regla del jefe de taller,24,16.0,True,2024-08-04,2024-07-26,0,0.0,0.0,57,0,
2026,B1 regla del jefe de taller,27,18.0,True,2024-10-28,2024-10-22,0,0.0,0.0,87,0,
2026,B1 regla del jefe de taller,34,,False,2025-04-27,2025-04-22,0,0.0,0.0,86,0,
2026,B1 regla del jefe de taller,32,,False,2025-05-24,2025-06-03,10,10.0,0.0,47,0,
2026,B1 regla del jefe de taller,30,20.0,True,2025-07-13,2025-07-11,0,0.0,0.0,67,0,
2026,B1 regla del jefe de taller,35,,False,2025-07-31,2025-08-01,1,1.0,0.0,68,0,
2026,B1 regla del jefe de taller,33,22.0,True,2025-09-03,2025-09-05,2,2.0,0.0,63,0,
2026,B1 regla del jefe de taller,31,21.0,True,2025-12-11,2025-12-15,4,4.0,0.0,83,0,
2026,B1 regla del jefe de taller,37,24.0,True,2026-05-15,2026-05-20,5,5.0,0.0,88,0,
2026,B1 regla del jefe de taller,38,25.0,True,2026-05-18,2026-05-16,0,0.0,0.0,55,0,
2026,B1 regla del jefe de taller,36,23.0,True,2026-09-25,2026-09-22,0,0.0,0.0,52,0,
2026,C1 colchón fijo (+7 d lab.),1,,False,2020-01-03,2019-11-13,0,0.0,0.0,207,0,
2026,C1 colchón fijo (+7 d lab.),3,,False,2020-06-15,2020-06-16,1,1.0,0.0,89,0,
2026,C1 colchón fijo (+7 d lab.),2,,False,2020-07-27,2020-07-16,0,0.0,0.0,99,0,
2026,C1 colchón fijo (+7 d lab.),4,,False,2020-08-20,2020-08-31,11,11.0,0.0,80,0,
2026,C1 colchón fijo (+7 d lab.),5,,False,2020-09-04,2020-08-22,0,0.0,0.0,62,0,
2026,C1 colchón fijo (+7 d lab.),8,,False,2021-04-26,2021-04-29,3,3.0,0.0,77,0,
2026,C1 colchón fijo (+7 d lab.),7,2.0,True,2021-05-18,2021-04-30,0,0.0,0.0,89,0,
2026,C1 colchón fijo (+7 d lab.),6,1.0,True,2021-05-21,2021-05-15,0,0.0,0.0,91,0,
2026,C1 colchón fijo (+7 d lab.),9,3.0,True,2021-11-25,2021-11-16,0,0.0,0.0,83,0,
2026,C1 colchón fijo (+7 d lab.),11,5.0,True,2022-03-23,2022-03-11,0,0.0,0.0,80,0,
2026,C1 colchón fijo (+7 d lab.),12,6.0,True,2022-03-16,2022-03-12,0,0.0,0.0,69,0,
2026,C1 colchón fijo (+7 d lab.),10,4.0,True,2022-04-16,2022-04-01,0,0.0,0.0,74,0,
2026,C1 colchón fijo (+7 d lab.),14,7.0,True,2022-05-30,2022-05-12,0,0.0,0.0,70,0,
2026,C1 colchón fijo (+7 d lab.),13,,False,2022-09-06,2022-09-02,0,0.0,0.0,63,0,
2026,C1 colchón fijo (+7 d lab.),21,13.0,True,2023-04-17,2023-04-04,0,0.0,0.0,74,0,
2026,C1 colchón fijo (+7 d lab.),15,8.0,True,2023-05-03,2023-04-19,0,0.0,0.0,79,0,
2026,C1 colchón fijo (+7 d lab.),16,9.0,True,2023-07-26,2023-07-07,0,0.0,0.0,70,0,
2026,C1 colchón fijo (+7 d lab.),19,,False,2023-08-23,2023-08-11,0,0.0,0.0,92,0,
2026,C1 colchón fijo (+7 d lab.),18,11.0,True,2023-07-26,2023-07-13,0,0.0,0.0,55,0,
2026,C1 colchón fijo (+7 d lab.),22,14.0,True,2023-10-12,2023-09-30,0,0.0,0.0,70,0,
2026,C1 colchón fijo (+7 d lab.),17,10.0,True,2023-10-09,2023-09-29,0,0.0,0.0,60,0,
2026,C1 colchón fijo (+7 d lab.),20,12.0,True,2023-10-25,2023-10-16,0,0.0,0.0,74,0,
2026,C1 colchón fijo (+7 d lab.),23,15.0,True,2023-12-16,2023-12-06,0,0.0,0.0,85,0,
2026,C1 colchón fijo (+7 d lab.),29,19.0,True,2024-03-15,2024-03-15,0,0.0,0.0,65,0,
2026,C1 colchón fijo (+7 d lab.),25,17.0,True,2024-06-14,2024-06-01,0,0.0,0.0,66,0,
2026,C1 colchón fijo (+7 d lab.),26,,False,2024-08-12,2024-08-01,0,0.0,0.0,71,0,
2026,C1 colchón fijo (+7 d lab.),28,,False,2024-08-24,2024-08-22,0,0.0,0.0,78,0,
2026,C1 colchón fijo (+7 d lab.),24,16.0,True,2024-08-12,2024-07-26,0,0.0,0.0,65,0,
2026,C1 colchón fijo (+7 d lab.),27,18.0,True,2024-11-06,2024-10-22,0,0.0,0.0,96,0,
2026,C1 colchón fijo (+7 d lab.),34,,False,2025-05-06,2025-04-22,0,0.0,0.0,95,0,
2026,C1 colchón fijo (+7 d lab.),32,,False,2025-06-02,2025-06-03,1,1.0,0.0,56,0,
2026,C1 colchón fijo (+7 d lab.),30,20.0,True,2025-07-21,2025-07-11,0,0.0,0.0,75,0,
2026,C1 colchón fijo (+7 d lab.),35,,False,2025-08-08,2025-08-01,0,0.0,0.0,76,0,
2026,C1 colchón fijo (+7 d lab.),33,22.0,True,2025-09-11,2025-09-05,0,0.0,0.0,71,0,
2026,C1 colchón fijo (+7 d lab.),31,21.0,True,2025-12-19,2025-12-15,0,0.0,0.0,91,0,
2026,C1 colchón fijo (+7 d lab.),37,24.0,True,2026-05-23,2026-05-20,0,0.0,0.0,96,0,
2026,C1 colchón fijo (+7 d lab.),38,25.0,True,2026-05-26,2026-05-16,0,0.0,0.0,63,0,
2026,C1 colchón fijo (+7 d lab.),36,23.0,True,2026-10-03,2026-09-22,0,0.0,0.0,60,0,
2026,D0 monitoreo (alerta temprana),1,,False,2019-12-25,2019-11-13,0,0.0,0.0,198,0,
2026,D0 monitoreo (alerta temprana),3,,False,2020-06-07,2020-06-16,9,9.0,0.0,81,0,
2026,D0 monitoreo (alerta temprana),2,,False,2020-07-19,2020-07-16,0,0.0,0.0,91,0,
2026,D0 monitoreo (alerta temprana),4,,False,2020-08-12,2020-08-31,19,19.0,0.0,72,0,
2026,D0 monitoreo (alerta temprana),5,,False,2020-08-27,2020-08-22,0,0.0,0.0,54,0,
2026,D0 monitoreo (alerta temprana),8,,False,2021-04-18,2021-04-29,11,11.0,0.0,69,0,
2026,D0 monitoreo (alerta temprana),7,2.0,True,2021-05-10,2021-04-30,0,0.0,0.0,81,0,
2026,D0 monitoreo (alerta temprana),6,1.0,True,2021-05-13,2021-05-15,2,2.0,0.0,83,0,
2026,D0 monitoreo (alerta temprana),9,3.0,True,2021-11-17,2021-11-16,0,0.0,0.0,75,0,
2026,D0 monitoreo (alerta temprana),11,5.0,True,2022-03-15,2022-03-11,0,0.0,0.0,72,0,
2026,D0 monitoreo (alerta temprana),12,6.0,True,2022-03-08,2022-03-12,4,4.0,0.0,61,0,
2026,D0 monitoreo (alerta temprana),10,4.0,True,2022-04-06,2022-04-01,0,0.0,0.0,64,0,
2026,D0 monitoreo (alerta temprana),14,7.0,True,2022-05-21,2022-05-12,0,0.0,0.0,61,0,
2026,D0 monitoreo (alerta temprana),13,,False,2022-08-27,2022-09-02,6,6.0,0.0,53,0,
2026,D0 monitoreo (alerta temprana),21,13.0,True,2023-04-09,2023-04-04,0,0.0,0.0,66,0,
2026,D0 monitoreo (alerta temprana),15,8.0,True,2023-04-24,2023-04-19,0,0.0,0.0,70,0,
2026,D0 monitoreo (alerta temprana),16,9.0,True,2023-07-18,2023-07-07,0,0.0,0.0,62,0,
2026,D0 monitoreo (alerta temprana),19,,False,2023-08-15,2023-08-11,0,0.0,0.0,84,0,
2026,D0 monitoreo (alerta temprana),18,11.0,True,2023-07-18,2023-07-13,0,0.0,0.0,47,0,
2026,D0 monitoreo (alerta temprana),22,14.0,True,2023-10-04,2023-09-30,0,0.0,0.0,62,0,
2026,D0 monitoreo (alerta temprana),17,10.0,True,2023-10-01,2023-09-29,0,0.0,0.0,52,0,
2026,D0 monitoreo (alerta temprana),20,12.0,True,2023-10-17,2023-10-16,0,0.0,0.0,66,0,
2026,D0 monitoreo (alerta temprana),23,15.0,True,2023-12-07,2023-12-06,0,0.0,0.0,76,0,
2026,D0 monitoreo (alerta temprana),29,19.0,True,2024-03-07,2024-03-15,8,8.0,0.0,57,0,
2026,D0 monitoreo (alerta temprana),25,17.0,True,2024-06-06,2024-06-01,0,0.0,0.0,58,0,
2026,D0 monitoreo (alerta temprana),26,,False,2024-08-04,2024-08-01,0,0.0,0.0,63,0,
2026,D0 monitoreo (alerta temprana),28,,False,2024-08-16,2024-08-22,6,6.0,0.0,70,0,
2026,D0 monitoreo (alerta temprana),24,16.0,True,2024-08-04,2024-07-26,0,0.0,0.0,57,0,
2026,D0 monitoreo (alerta temprana),27,18.0,True,2024-10-28,2024-10-22,0,0.0,0.0,87,0,
2026,D0 monitoreo (alerta temprana),34,,False,2025-04-27,2025-04-22,0,0.0,0.0,86,0,
2026,D0 monitoreo (alerta temprana),32,,False,2025-05-24,2025-06-03,10,10.0,0.0,47,0,
2026,D0 monitoreo (alerta temprana),30,20.0,True,2025-07-13,2025-07-11,0,0.0,0.0,67,0,
2026,D0 monitoreo (alerta temprana),35,,False,2025-07-31,2025-08-01,1,1.0,0.0,68,0,
2026,D0 monitoreo (alerta temprana),33,22.0,True,2025-09-03,2025-09-05,2,2.0,0.0,63,0,
2026,D0 monitoreo (alerta temprana),31,21.0,True,2025-12-11,2025-12-15,4,4.0,0.0,83,0,
2026,D0 monitoreo (alerta temprana),37,24.0,True,2026-05-15,2026-05-20,5,5.0,0.0,88,0,
2026,D0 monitoreo (alerta temprana),38,25.0,True,2026-05-18,2026-05-16,0,0.0,0.0,55,0,
2026,D0 monitoreo (alerta temprana),36,23.0,True,2026-09-25,2026-09-22,0,0.0,0.0,52,0,
2026,D1 DSS fecha α=0.80,1,,False,2019-12-25,2019-11-13,0,0.0,0.0,198,0,
2026,D1 DSS fecha α=0.80,3,,False,2020-06-07,2020-06-16,9,9.0,0.0,81,0,
2026,D1 DSS fecha α=0.80,2,,False,2020-07-19,2020-07-16,0,0.0,0.0,91,0,
2026,D1 DSS fecha α=0.80,4,,False,2020-08-12,2020-08-31,19,19.0,0.0,72,0,
2026,D1 DSS fecha α=0.80,5,,False,2020-08-27,2020-08-22,0,0.0,0.0,54,0,
2026,D1 DSS fecha α=0.80,8,,False,2021-04-18,2021-04-29,11,11.0,0.0,69,0,
2026,D1 DSS fecha α=0.80,7,2.0,True,2021-05-07,2021-04-30,0,0.0,0.0,78,0,0.806
2026,D1 DSS fecha α=0.80,6,1.0,True,2021-05-13,2021-05-15,2,2.0,0.0,83,0,0.81
2026,D1 DSS fecha α=0.80,9,3.0,True,2021-11-18,2021-11-16,0,0.0,0.0,76,0,0.802
2026,D1 DSS fecha α=0.80,11,5.0,True,2022-03-17,2022-03-11,0,0.0,0.0,74,0,0.812
2026,D1 DSS fecha α=0.80,12,6.0,True,2022-03-12,2022-03-12,0,0.0,0.0,65,0,0.813
2026,D1 DSS fecha α=0.80,10,4.0,True,2022-04-11,2022-04-01,0,0.0,0.0,69,0,0.831
2026,D1 DSS fecha α=0.80,14,7.0,True,2022-05-23,2022-05-12,0,0.0,0.0,63,0,0.822
2026,D1 DSS fecha α=0.80,13,,False,2022-08-27,2022-09-02,6,6.0,0.0,53,0,
2026,D1 DSS fecha α=0.80,21,13.0,True,2023-04-08,2023-04-04,0,0.0,0.0,65,0,0.811
2026,D1 DSS fecha α=0.80,15,8.0,True,2023-04-25,2023-04-19,0,0.0,0.0,71,0,0.815
2026,D1 DSS fecha α=0.80,16,9.0,True,2023-07-20,2023-07-11,0,0.0,0.0,64,0,0.808
2026,D1 DSS fecha α=0.80,19,,False,2023-08-15,2023-08-12,0,0.0,0.0,84,0,
2026,D1 DSS fecha α=0.80,18,11.0,True,2023-07-18,2023-07-13,0,0.0,0.0,47,0,0.804
2026,D1 DSS fecha α=0.80,22,14.0,True,2023-10-06,2023-09-30,0,0.0,0.0,64,0,0.837
2026,D1 DSS fecha α=0.80,17,10.0,True,2023-09-30,2023-09-29,0,0.0,0.0,51,0,0.839
2026,D1 DSS fecha α=0.80,20,12.0,True,2023-10-19,2023-10-16,0,0.0,0.0,68,0,0.826
2026,D1 DSS fecha α=0.80,23,15.0,True,2023-12-08,2023-12-06,0,0.0,0.0,77,0,0.816
2026,D1 DSS fecha α=0.80,29,19.0,True,2024-03-09,2024-03-15,6,6.0,0.0,59,0,0.809
2026,D1 DSS fecha α=0.80,25,17.0,True,2024-06-05,2024-06-01,0,0.0,0.0,57,0,0.835
2026,D1 DSS fecha α=0.80,26,,False,2024-08-04,2024-08-01,0,0.0,0.0,63,0,
2026,D1 DSS fecha α=0.80,28,,False,2024-08-16,2024-08-22,6,6.0,0.0,70,0,
2026,D1 DSS fecha α=0.80,24,16.0,True,2024-08-03,2024-07-26,0,0.0,0.0,56,0,0.837
2026,D1 DSS fecha α=0.80,27,18.0,True,2024-10-29,2024-10-22,0,0.0,0.0,88,0,0.808
2026,D1 DSS fecha α=0.80,34,,False,2025-04-27,2025-04-22,0,0.0,0.0,86,0,
2026,D1 DSS fecha α=0.80,32,,False,2025-05-24,2025-06-03,10,10.0,0.0,47,0,
2026,D1 DSS fecha α=0.80,30,20.0,True,2025-07-14,2025-07-11,0,0.0,0.0,68,0,0.812
2026,D1 DSS fecha α=0.80,35,,False,2025-07-31,2025-08-01,1,1.0,0.0,68,0,
2026,D1 DSS fecha α=0.80,33,22.0,True,2025-09-01,2025-09-05,4,4.0,0.0,61,0,0.838
2026,D1 DSS fecha α=0.80,31,21.0,True,2025-12-10,2025-12-15,5,5.0,0.0,82,0,0.837
2026,D1 DSS fecha α=0.80,37,24.0,True,2026-05-15,2026-05-26,11,11.0,0.0,88,0,0.824
2026,D1 DSS fecha α=0.80,38,25.0,True,2026-05-14,2026-04-24,0,0.0,0.0,51,0,0.852
2026,D1 DSS fecha α=0.80,36,23.0,True,2026-09-26,2026-09-22,0,0.0,0.0,53,0,0.854
2026,D2 DSS fecha α*,1,,False,2019-12-25,2019-11-13,0,0.0,0.0,198,0,
2026,D2 DSS fecha α*,3,,False,2020-06-07,2020-06-16,9,9.0,0.0,81,0,
2026,D2 DSS fecha α*,2,,False,2020-07-19,2020-07-16,0,0.0,0.0,91,0,
2026,D2 DSS fecha α*,4,,False,2020-08-12,2020-08-31,19,19.0,0.0,72,0,
2026,D2 DSS fecha α*,5,,False,2020-08-27,2020-08-22,0,0.0,0.0,54,0,
2026,D2 DSS fecha α*,8,,False,2021-04-18,2021-04-29,11,11.0,0.0,69,0,
2026,D2 DSS fecha α*,7,2.0,True,2021-05-14,2021-04-30,0,0.0,0.0,85,0,0.946
2026,D2 DSS fecha α*,6,1.0,True,2021-05-18,2021-05-15,0,0.0,0.0,88,0,0.926
2026,D2 DSS fecha α*,9,3.0,True,2021-11-26,2021-11-16,0,0.0,0.0,84,0,0.936
2026,D2 DSS fecha α*,11,5.0,True,2022-03-23,2022-03-11,0,0.0,0.0,80,0,0.926
2026,D2 DSS fecha α*,12,6.0,True,2022-03-18,2022-03-12,0,0.0,0.0,71,0,0.933
2026,D2 DSS fecha α*,10,4.0,True,2022-04-15,2022-04-01,0,0.0,0.0,73,0,0.932
2026,D2 DSS fecha α*,14,7.0,True,2022-05-28,2022-05-12,0,0.0,0.0,68,0,0.936
2026,D2 DSS fecha α*,13,,False,2022-08-27,2022-09-02,6,6.0,0.0,53,0,
2026,D2 DSS fecha α*,21,13.0,True,2023-04-13,2023-04-04,0,0.0,0.0,70,0,0.93
2026,D2 DSS fecha α*,15,8.0,True,2023-05-01,2023-04-19,0,0.0,0.0,77,0,0.934
2026,D2 DSS fecha α*,16,9.0,True,2023-07-26,2023-07-11,0,0.0,0.0,70,0,0.938
2026,D2 DSS fecha α*,19,,False,2023-08-15,2023-08-12,0,0.0,0.0,84,0,
2026,D2 DSS fecha α*,18,11.0,True,2023-07-22,2023-07-13,0,0.0,0.0,51,0,0.937
2026,D2 DSS fecha α*,22,14.0,True,2023-10-11,2023-09-30,0,0.0,0.0,69,0,0.938
2026,D2 DSS fecha α*,17,10.0,True,2023-10-05,2023-09-29,0,0.0,0.0,56,0,0.942
2026,D2 DSS fecha α*,20,12.0,True,2023-10-25,2023-10-16,0,0.0,0.0,74,0,0.937
2026,D2 DSS fecha α*,23,15.0,True,2023-12-14,2023-12-06,0,0.0,0.0,83,0,0.931
2026,D2 DSS fecha α*,29,19.0,True,2024-03-14,2024-03-15,1,1.0,0.0,64,0,0.927
2026,D2 DSS fecha α*,25,17.0,True,2024-06-08,2024-06-01,0,0.0,0.0,60,0,0.931
2026,D2 DSS fecha α*,26,,False,2024-08-04,2024-07-20,0,0.0,0.0,63,0,
2026,D2 DSS fecha α*,28,,False,2024-08-16,2024-08-26,10,10.0,0.0,70,0,
2026,D2 DSS fecha α*,24,16.0,True,2024-08-07,2024-08-14,7,7.0,0.0,60,0,0.938
2026,D2 DSS fecha α*,27,18.0,True,2024-11-05,2024-10-29,0,0.0,0.0,95,0,0.936
2026,D2 DSS fecha α*,34,,False,2025-04-27,2025-04-22,0,0.0,0.0,86,0,
2026,D2 DSS fecha α*,32,,False,2025-05-24,2025-06-03,10,10.0,0.0,47,0,
2026,D2 DSS fecha α*,30,20.0,True,2025-07-18,2025-07-11,0,0.0,0.0,72,0,0.927
2026,D2 DSS fecha α*,35,,False,2025-07-31,2025-08-01,1,1.0,0.0,68,0,
2026,D2 DSS fecha α*,33,22.0,True,2025-09-05,2025-09-05,0,0.0,0.0,65,0,0.943
2026,D2 DSS fecha α*,31,21.0,True,2025-12-15,2025-12-15,0,0.0,0.0,87,0,0.932
2026,D2 DSS fecha α*,37,24.0,True,2026-05-21,2026-05-26,5,5.0,0.0,94,0,0.934
2026,D2 DSS fecha α*,38,25.0,True,2026-05-18,2026-04-24,0,0.0,0.0,55,0,0.942
2026,D2 DSS fecha α*,36,23.0,True,2026-09-30,2026-09-22,0,0.0,0.0,57,0,0.926
2026,D3 DSS gestión (fecha original),1,,False,2019-12-25,2019-11-13,0,0.0,0.0,198,0,
2026,D3 DSS gestión (fecha original),3,,False,2020-06-07,2020-06-16,9,9.0,0.0,81,0,
2026,D3 DSS gestión (fecha original),2,,False,2020-07-19,2020-07-16,0,0.0,0.0,91,0,
2026,D3 DSS gestión (fecha original),4,,False,2020-08-12,2020-08-31,19,19.0,0.0,72,0,
2026,D3 DSS gestión (fecha original),5,,False,2020-08-27,2020-08-22,0,0.0,0.0,54,0,
2026,D3 DSS gestión (fecha original),8,,False,2021-04-18,2021-04-29,11,11.0,0.0,69,0,
2026,D3 DSS gestión (fecha original),7,2.0,True,2021-05-10,2021-04-30,0,0.0,0.0,81,0,0.865
2026,D3 DSS gestión (fecha original),6,1.0,True,2021-05-13,2021-05-18,5,5.0,4.538533244641051,83,5,0.81
2026,D3 DSS gestión (fecha original),9,3.0,True,2021-11-17,2021-11-16,0,0.0,1.0,75,1,0.759
2026,D3 DSS gestión (fecha original),11,5.0,True,2022-03-15,2022-03-11,0,0.0,1.0,72,1,0.748
2026,D3 DSS gestión (fecha original),12,6.0,True,2022-03-08,2022-03-12,4,4.0,2.0,61,2,0.655
2026,D3 DSS gestión (fecha original),10,4.0,True,2022-04-06,2022-04-01,0,0.0,3.0,64,3,0.68
2026,D3 DSS gestión (fecha original),14,7.0,True,2022-05-21,2022-05-12,0,0.0,1.0,61,1,0.784
2026,D3 DSS gestión (fecha original),13,,False,2022-08-27,2022-09-02,6,6.0,0.0,53,0,
2026,D3 DSS gestión (fecha original),21,13.0,True,2023-04-09,2023-04-04,0,0.0,0.0,66,0,0.811
2026,D3 DSS gestión (fecha original),15,8.0,True,2023-04-24,2023-04-19,0,0.0,2.0,70,2,0.777
2026,D3 DSS gestión (fecha original),16,9.0,True,2023-07-18,2023-07-07,0,0.0,1.0,62,1,0.728
2026,D3 DSS gestión (fecha original),19,,False,2023-08-15,2023-08-11,0,0.0,0.0,84,0,
2026,D3 DSS gestión (fecha original),18,11.0,True,2023-07-18,2023-07-13,0,0.0,0.0,47,0,0.804
2026,D3 DSS gestión (fecha original),22,14.0,True,2023-10-04,2023-09-30,0,0.0,0.0,62,0,0.751
2026,D3 DSS gestión (fecha original),17,10.0,True,2023-10-01,2023-09-29,0,0.0,1.0,52,1,0.839
2026,D3 DSS gestión (fecha original),20,12.0,True,2023-10-17,2023-10-11,0,0.0,3.0,66,3,0.758
2026,D3 DSS gestión (fecha original),23,15.0,True,2023-12-07,2023-12-06,0,0.0,1.0,76,1,0.783
2026,D3 DSS gestión (fecha original),29,19.0,True,2024-03-07,2024-03-15,8,8.0,3.0,57,3,0.716
2026,D3 DSS gestión (fecha original),25,17.0,True,2024-06-06,2024-06-01,0,0.0,0.0,58,0,0.866
2026,D3 DSS gestión (fecha original),26,,False,2024-08-04,2024-08-01,0,0.0,0.0,63,0,
2026,D3 DSS gestión (fecha original),28,,False,2024-08-16,2024-08-22,6,6.0,0.0,70,0,
2026,D3 DSS gestión (fecha original),24,16.0,True,2024-08-04,2024-07-26,0,0.0,0.0,57,0,0.837
2026,D3 DSS gestión (fecha original),27,18.0,True,2024-10-28,2024-10-22,0,0.0,1.6251101957075769,87,2,0.778
2026,D3 DSS gestión (fecha original),34,,False,2025-04-27,2025-04-22,0,0.0,0.0,86,0,
2026,D3 DSS gestión (fecha original),32,,False,2025-05-24,2025-06-03,10,10.0,0.0,47,0,
2026,D3 DSS gestión (fecha original),30,20.0,True,2025-07-13,2025-07-11,0,0.0,1.0,67,1,0.777
2026,D3 DSS gestión (fecha original),35,,False,2025-07-31,2025-08-01,1,1.0,0.0,68,0,
2026,D3 DSS gestión (fecha original),33,22.0,True,2025-09-03,2025-09-05,2,2.0,2.0,63,2,0.904
2026,D3 DSS gestión (fecha original),31,21.0,True,2025-12-11,2025-12-15,4,4.0,1.0,83,1,0.862
2026,D3 DSS gestión (fecha original),37,24.0,True,2026-05-15,2026-05-20,5,5.0,1.1126961483594864,88,2,0.824
2026,D3 DSS gestión (fecha original),38,25.0,True,2026-05-18,2026-05-16,0,0.0,1.0,55,1,0.942
2026,D3 DSS gestión (fecha original),36,23.0,True,2026-09-25,2026-09-22,0,0.0,1.0,52,1,0.794
2026,D4 sistema completo (α* + gestión),1,,False,2019-12-25,2019-11-13,0,0.0,0.0,198,0,
2026,D4 sistema completo (α* + gestión),3,,False,2020-06-07,2020-06-16,9,9.0,0.0,81,0,
2026,D4 sistema completo (α* + gestión),2,,False,2020-07-19,2020-07-16,0,0.0,0.0,91,0,
2026,D4 sistema completo (α* + gestión),4,,False,2020-08-12,2020-08-31,19,19.0,0.0,72,0,
2026,D4 sistema completo (α* + gestión),5,,False,2020-08-27,2020-08-22,0,0.0,0.0,54,0,
2026,D4 sistema completo (α* + gestión),8,,False,2021-04-18,2021-04-29,11,11.0,0.0,69,0,
2026,D4 sistema completo (α* + gestión),7,2.0,True,2021-05-14,2021-04-30,0,0.0,0.0,85,0,0.946
2026,D4 sistema completo (α* + gestión),6,1.0,True,2021-05-18,2021-05-18,0,0.0,3.5385332446410507,88,4,0.926
2026,D4 sistema completo (α* + gestión),9,3.0,True,2021-11-26,2021-11-16,0,0.0,0.0,84,0,0.936
2026,D4 sistema completo (α* + gestión),11,5.0,True,2022-03-23,2022-03-11,0,0.0,0.0,80,0,0.926
2026,D4 sistema completo (α* + gestión),12,6.0,True,2022-03-18,2022-03-12,0,0.0,0.0,71,0,0.933
2026,D4 sistema completo (α* + gestión),10,4.0,True,2022-04-15,2022-04-01,0,0.0,0.0,73,0,0.932
2026,D4 sistema completo (α* + gestión),14,7.0,True,2022-05-28,2022-05-12,0,0.0,0.0,68,0,0.936
2026,D4 sistema completo (α* + gestión),13,,False,2022-08-27,2022-09-02,6,6.0,0.0,53,0,
2026,D4 sistema completo (α* + gestión),21,13.0,True,2023-04-13,2023-04-04,0,0.0,0.0,70,0,0.93
2026,D4 sistema completo (α* + gestión),15,8.0,True,2023-05-01,2023-04-19,0,0.0,0.0,77,0,0.934
2026,D4 sistema completo (α* + gestión),16,9.0,True,2023-07-26,2023-07-11,0,0.0,0.0,70,0,0.938
2026,D4 sistema completo (α* + gestión),19,,False,2023-08-15,2023-08-12,0,0.0,0.0,84,0,
2026,D4 sistema completo (α* + gestión),18,11.0,True,2023-07-22,2023-07-13,0,0.0,0.0,51,0,0.937
2026,D4 sistema completo (α* + gestión),22,14.0,True,2023-10-11,2023-09-30,0,0.0,0.0,69,0,0.938
2026,D4 sistema completo (α* + gestión),17,10.0,True,2023-10-05,2023-09-29,0,0.0,0.0,56,0,0.942
2026,D4 sistema completo (α* + gestión),20,12.0,True,2023-10-25,2023-10-16,0,0.0,1.0,74,1,0.937
2026,D4 sistema completo (α* + gestión),23,15.0,True,2023-12-14,2023-12-06,0,0.0,0.0,83,0,0.931
2026,D4 sistema completo (α* + gestión),29,19.0,True,2024-03-14,2024-03-15,1,1.0,0.0,64,0,0.927
2026,D4 sistema completo (α* + gestión),25,17.0,True,2024-06-08,2024-06-01,0,0.0,0.0,60,0,0.931
2026,D4 sistema completo (α* + gestión),26,,False,2024-08-04,2024-07-20,0,0.0,0.0,63,0,
2026,D4 sistema completo (α* + gestión),28,,False,2024-08-16,2024-08-26,10,10.0,0.0,70,0,
2026,D4 sistema completo (α* + gestión),24,16.0,True,2024-08-07,2024-08-09,2,2.0,1.0,60,1,0.938
2026,D4 sistema completo (α* + gestión),27,18.0,True,2024-11-05,2024-10-29,0,0.0,0.0,95,0,0.936
2026,D4 sistema completo (α* + gestión),34,,False,2025-04-27,2025-04-22,0,0.0,0.0,86,0,
2026,D4 sistema completo (α* + gestión),32,,False,2025-05-24,2025-06-03,10,10.0,0.0,47,0,
2026,D4 sistema completo (α* + gestión),30,20.0,True,2025-07-18,2025-07-11,0,0.0,0.0,72,0,0.927
2026,D4 sistema completo (α* + gestión),35,,False,2025-07-31,2025-08-01,1,1.0,0.0,68,0,
2026,D4 sistema completo (α* + gestión),33,22.0,True,2025-09-05,2025-09-05,0,0.0,2.0,65,2,0.943
2026,D4 sistema completo (α* + gestión),31,21.0,True,2025-12-15,2025-12-15,0,0.0,0.0,87,0,0.932
2026,D4 sistema completo (α* + gestión),37,24.0,True,2026-05-21,2026-05-26,5,5.0,0.0,94,0,0.934
2026,D4 sistema completo (α* + gestión),38,25.0,True,2026-05-18,2026-04-24,0,0.0,0.0,55,0,0.942
2026,D4 sistema completo (α* + gestión),36,23.0,True,2026-09-30,2026-09-22,0,0.0,0.0,57,0,0.926
